code,company,last_update,count
000020,동화약품,2021-11-23,6372
000040,KR모터스,2021-11-23,6373
000050,경방,2021-11-23,6372
000060,메리츠화재,2021-11-23,6372
000070,삼양홀딩스,2021-11-23,6373
000080,하이트진로,2021-11-23,2984
000100,유한양행,2021-11-23,6374
000120,CJ대한통운,2021-11-23,6377
000140,하이트진로홀딩스,2021-11-23,6378
000150,두산,2021-11-23,6379
000180,성창기업지주,2021-11-23,6380
000210,DL,2021-11-23,6380
000220,유유제약,2021-11-23,6380
000230,일동홀딩스,2021-11-23,6380
000240,한국앤컴퍼니,2021-11-23,6380
000250,삼천당제약,2021-11-23,5220
000270,기아,2021-11-23,6380
000300,대유플러스,2021-11-23,6380
000320,노루홀딩스,2021-11-23,6380
000370,한화손해보험,2021-11-23,6380
000390,삼화페인트공업,2021-11-23,6380
000400,롯데손해보험,2021-11-23,6380
000430,대원강업,2021-11-23,6380
000440,중앙에너비스,2021-11-23,5804
000480,조선내화,2021-11-23,6380
000490,대동,2021-11-23,6380
000500,가온전선,2021-11-23,6380
000520,삼일제약,2021-11-23,6380
000540,흥국화재,2021-11-23,6380
000590,CS홀딩스,2021-11-23,6380
000640,동아쏘시오홀딩스,2021-11-23,6380
000650,천일고속,2021-11-23,6380
000660,SK하이닉스,2021-11-23,6231
000670,영풍,2021-11-23,6380
000680,LS네트웍스,2021-11-23,6380
000700,유수홀딩스,2021-11-23,6380
000720,현대건설,2021-11-23,6380
000760,이화산업,2021-11-23,6380
000810,삼성화재해상보험,2021-11-23,6380
000850,화천기공,2021-11-23,5425
000860,강남제비스코,2021-11-23,6380
000880,한화,2021-11-23,6380
000890,보해양조,2021-11-23,6380
000910,유니온,2021-11-23,6374
000950,전방,2021-11-23,6380
000970,한국주철관공업,2021-11-23,6380
000990,DB하이텍,2021-11-23,6380
001000,신라섬유,2021-11-23,5800
001020,페이퍼코리아,2021-11-23,6380
001040,CJ,2021-11-23,6380
001060,JW중외제약,2021-11-23,6380
001070,대한방직,2021-11-23,6380
001080,만호제강,2021-11-23,6380
001120,LX인터내셔널,2021-11-23,6380
001130,대한제분,2021-11-23,6380
001140,국보,2021-11-23,6380
001200,유진증권,2021-11-23,6380
001210,금호전기,2021-11-23,6380
001230,동국제강,2021-11-23,6380
001250,GS글로벌,2021-11-23,6380
001260,남광토건,2021-11-23,6380
001270,부국증권,2021-11-23,6380
001290,상상인증권,2021-11-23,6380
001340,백광산업,2021-11-23,6380
001360,삼성제약,2021-11-23,6380
001380,SG글로벌,2021-11-23,6380
001390,KG케미칼,2021-11-23,6380
001420,태원물산,2021-11-23,6380
001430,세아베스틸,2021-11-23,6380
001440,대한전선,2021-11-23,6380
001450,현대해상,2021-11-23,6380
001460,BYC,2021-11-23,6380
001470,삼부토건,2021-11-23,6380
001500,현대차증권,2021-11-23,6380
001510,SK증권,2021-11-23,6380
001520,동양,2021-11-23,6380
001530,디아이동일,2021-11-23,6380
001540,안국약품,2021-11-23,5293
001550,조비,2021-11-23,6380
001560,제일연마,2021-11-23,3942
001570,금양,2021-11-23,6380
001620,케이비아이동국실업,2021-11-23,6380
001630,종근당홀딩스,2021-11-23,6380
001680,대상,2021-11-23,6380
001720,신영증권,2021-11-23,6380
001740,SK네트웍스,2021-11-23,6380
001750,한양증권,2021-11-23,6380
001770,SHD,2021-11-23,6380
001780,알루코,2021-11-23,3573
001790,대한제당,2021-11-23,6380
001800,오리온홀딩스,2021-11-23,6383
001810,무림SP,2021-11-23,5369
001820,삼화콘덴서공업,2021-11-23,6380
001840,이화공영,2021-11-23,5800
001880,DL건설,2021-11-23,6380
001940,KISCO홀딩스,2021-11-23,6380
002020,코오롱,2021-11-23,6380
002030,아세아,2021-11-23,6380
002070,비비안,2021-11-23,6380
002100,경농,2021-11-23,6380
002140,고려산업,2021-11-23,6380
002150,도화엔지니어링,2021-11-23,2779
002170,삼양통상,2021-11-23,6380
002200,한국수출포장공업,2021-11-23,6380
002210,동성제약,2021-11-23,6380
002220,한일철강,2021-11-23,6380
002230,피에스텍,2021-11-23,5802
002240,고려제강,2021-11-23,6380
002270,롯데푸드,2021-11-23,6380
002290,삼일기업공사,2021-11-23,5804
002310,아세아제지,2021-11-23,6380
002320,한진,2021-11-23,6380
002350,넥센타이어,2021-11-23,6380
002360,SH에너지화학,2021-11-23,6380
002380,케이씨씨,2021-11-23,6380
002390,한독,2021-11-23,6380
002410,범양건영,2021-11-23,6380
002420,세기상사,2021-11-23,6380
002450,삼익악기,2021-11-23,6380
002460,화성산업,2021-11-23,6380
002600,조흥,2021-11-23,6380
002620,제일파마홀딩스,2021-11-23,6380
002630,오리엔트바이오,2021-11-23,6381
002680,한탑,2021-11-23,5803
002690,동일제강,2021-11-23,1512
002700,신일전자,2021-11-23,6380
002710,TCC스틸,2021-11-23,6380
002720,국제약품,2021-11-23,6380
002760,보락,2021-11-23,6380
002780,진흥기업,2021-11-23,6380
002790,아모레퍼시픽그룹,2021-11-23,6380
002800,신신제약,2021-11-23,1161
002810,삼영무역,2021-11-23,6380
002820,SUN&L,2021-11-23,6380
002840,미원상사,2021-11-23,6380
002870,신풍제지,2021-11-23,6380
002880,대유에이텍,2021-11-23,6380
002900,TYM,2021-11-23,6380
002920,유성기업,2021-11-23,6380
002960,한국쉘석유,2021-11-23,6380
002990,금호건설,2021-11-23,6380
003000,부광약품,2021-11-23,6380
003010,혜인,2021-11-23,6380
003030,세아제강지주,2021-11-23,6381
003060,에이프로젠제약,2021-11-23,6380
003070,코오롱글로벌,2021-11-23,6380
003080,성보화학,2021-11-23,6380
003090,대웅,2021-11-23,6380
003100,선광,2021-11-23,5376
003120,일성신약,2021-11-23,6380
003160,디아이,2021-11-23,6348
003200,일신방직,2021-11-23,6380
003220,대원제약,2021-11-23,5803
003230,삼양식품,2021-11-23,6380
003240,태광산업,2021-11-23,6380
003280,흥아해운,2021-11-23,6380
003300,한일홀딩스,2021-11-23,6380
003310,대주산업,2021-11-23,5800
003350,한국화장품제조,2021-11-23,6380
003380,하림지주,2021-11-23,1079
003410,쌍용씨앤이,2021-11-23,6380
003460,유화증권,2021-11-23,6380
003470,유안타증권,2021-11-23,6380
003480,한진중공업홀딩스,2021-11-23,6380
003490,대한항공,2021-11-23,6380
003520,영진약품,2021-11-23,6380
003530,한화투자증권,2021-11-23,6380
003540,대신증권,2021-11-23,6380
003550,LG,2021-11-23,6380
003560,아이에이치큐,2021-11-23,6380
003570,SNT중공업,2021-11-23,6380
003580,넥스트사이언스,2021-11-23,6380
003610,방림,2021-11-23,6380
003620,쌍용자동차,2021-11-23,6380
003650,미창석유공업,2021-11-23,6380
003670,포스코케미칼,2021-11-23,4956
003680,한성기업,2021-11-23,6380
003690,코리안리,2021-11-23,6380
003720,삼영화학공업,2021-11-23,6380
003780,진양산업,2021-11-23,6379
003800,에이스침대,2021-11-23,5800
003830,대한화섬,2021-11-23,6380
003850,보령제약,2021-11-23,6380
003920,남양유업,2021-11-23,6380
003960,사조대림,2021-11-23,6380
004000,롯데정밀화학,2021-11-23,6380
004020,현대제철,2021-11-23,6380
004060,SG세계물산,2021-11-23,6380
004080,신흥,2021-11-23,6378
004090,한국석유공업,2021-11-23,6380
004100,태양금속공업,2021-11-23,6380
004140,동방,2021-11-23,6380
004150,한솔홀딩스,2021-11-23,6380
004170,신세계,2021-11-23,6380
004250,엔피씨,2021-11-23,6380
004270,남성,2021-11-23,6380
004310,현대약품,2021-11-23,6380
004360,세방,2021-11-23,6380
004370,농심,2021-11-23,6380
004380,삼익THK,2021-11-23,6380
004410,서울식품공업,2021-11-23,6380
004430,송원산업,2021-11-23,6380
004440,삼일씨엔에스,2021-11-23,1388
004450,삼화왕관,2021-11-23,6380
004490,세방전지,2021-11-23,6380
004540,깨끗한나라,2021-11-23,6380
004560,현대비앤지스틸,2021-11-23,6380
004590,한국가구,2021-11-23,5802
004650,창해에탄올,2021-11-23,1797
004690,삼천리,2021-11-23,6380
004700,조광피혁,2021-11-23,6380
004710,한솔테크닉스,2021-11-23,6380
004720,팜젠사이언스,2021-11-23,6380
004770,써니전자,2021-11-23,6380
004780,대륙제관,2021-11-23,5806
004800,효성,2021-11-23,6380
004830,덕성,2021-11-23,6380
004840,DRB동일,2021-11-23,6380
004870,티웨이홀딩스,2021-11-23,6380
004890,동일산업,2021-11-23,4055
004910,조광페인트,2021-11-23,6380
004920,씨아이테크,2021-11-23,6380
004960,한신공영,2021-11-23,6380
004970,신라교역,2021-11-23,6380
004980,성신양회,2021-11-23,6380
004990,롯데지주,2021-11-23,6380
005010,휴스틸,2021-11-23,6380
005030,부산주공,2021-11-23,6380
005070,코스모신소재,2021-11-23,6380
005090,SGC에너지,2021-11-23,6380
005110,한창,2021-11-23,6380
005160,동국산업,2021-11-23,5499
005180,빙그레,2021-11-23,6380
005250,녹십자홀딩스,2021-11-23,6380
005290,동진쎄미켐,2021-11-23,5377
005300,롯데칠성음료,2021-11-23,6380
005320,국동,2021-11-23,6231
005360,모나미,2021-11-23,6380
005380,현대자동차,2021-11-23,6381
005390,신성통상,2021-11-23,6380
005420,코스모화학,2021-11-23,6380
005430,한국공항,2021-11-23,6380
005440,현대그린푸드,2021-11-23,6380
005490,포스코,2021-11-23,6380
005500,삼진제약,2021-11-23,6380
005610,SPC삼립,2021-11-23,6380
005670,푸드웰,2021-11-23,5804
005680,삼영전자공업,2021-11-23,6380
005690,파미셀,2021-11-23,6380
005710,대원산업,2021-11-23,5805
005720,넥센,2021-11-23,6380
005740,크라운해태홀딩스,2021-11-23,6380
005750,대림비앤코,2021-11-23,6380
005800,신영와코루,2021-11-23,6380
005810,풍산홀딩스,2021-11-23,6380
005820,원림,2021-11-23,6380
005830,DB손해보험,2021-11-23,6378
005850,에스엘,2021-11-23,6380
005860,한일사료,2021-11-23,5803
005870,휴니드테크놀러지스,2021-11-23,6380
005880,대한해운,2021-11-23,6380
005930,삼성전자,2021-11-23,6381
005940,NH투자증권,2021-11-23,6380
005950,이수화학,2021-11-23,6380
005960,동부건설,2021-11-23,6380
005990,매일홀딩스,2021-11-23,5529
006040,동원산업,2021-11-23,6380
006050,국영지앤엠,2021-11-23,5804
006060,화승인더스트리,2021-11-23,6380
006090,사조오양,2021-11-23,6380
006110,삼아알미늄,2021-11-23,6380
006120,SK디스커버리,2021-11-23,6380
006140,피제이전자,2021-11-23,5803
006200,한국전자홀딩스,2021-11-23,6380
006220,제주은행,2021-11-23,6380
006260,LS,2021-11-23,6380
006280,녹십자,2021-11-23,6380
006340,대원전선,2021-11-23,6380
006360,GS건설,2021-11-23,6380
006370,대구백화점,2021-11-23,6380
006380,카프로,2021-11-23,6380
006390,한일현대시멘트,2021-11-23,6380
006400,삼성SDI,2021-11-23,6380
006490,인스코비,2021-11-23,6380
006570,대림통상,2021-11-23,6380
006580,대양제지,2021-11-23,5803
006620,동구바이오제약,2021-11-23,929
006650,대한유화,2021-11-23,5493
006660,삼성공조,2021-11-23,6380
006730,서부T&D,2021-11-23,5805
006740,영풍제지,2021-11-23,6374
006800,미래에셋증권,2021-11-23,6380
006840,AK홀딩스,2021-11-23,5494
006880,신송홀딩스,2021-11-23,1965
006890,태경케미컬,2021-11-23,5803
006910,보성파워텍,2021-11-23,5802
006920,모헨즈,2021-11-23,5803
006980,우성,2021-11-23,6380
007070,GS리테일,2021-11-23,2438
007110,일신석재,2021-11-23,6380
007120,미래아이앤지,2021-11-23,5804
007160,사조산업,2021-11-23,6380
007210,벽산,2021-11-23,6380
007280,한국특강,2021-11-23,6380
007310,오뚜기,2021-11-23,6380
007330,푸른저축은행,2021-11-23,5803
007340,디티알오토모티브,2021-11-23,6380
007370,진양제약,2021-11-23,5264
007390,네이처셀,2021-11-23,5804
007460,에이프로젠 MED,2021-11-23,6380
007530,영신금속,2021-11-23,5802
007540,샘표,2021-11-23,6380
007570,일양약품,2021-11-23,6380
007590,동방아그로,2021-11-23,6380
007610,선도전기,2021-11-23,6380
007630,폴루스바이오팜,2021-11-23,6379
007660,이수페타시스,2021-11-23,5247
007680,대원,2021-11-23,978
007690,국도화학,2021-11-23,6380
007700,F&F 홀딩스,2021-11-23,6380
007720,대명소노시즌,2021-11-23,5787
007770,한일화학,2021-11-23,5800
007810,코리아써키트,2021-11-23,6380
007820,에스엠코어,2021-11-23,2472
007860,서연,2021-11-23,6380
007980,태평양물산,2021-11-23,6380
008040,사조동아원,2021-11-23,6380
008060,대덕,2021-11-23,6380
008110,대동전자,2021-11-23,6380
008250,이건산업,2021-11-23,6380
008260,NI스틸,2021-11-23,6379
008290,원풍물산,2021-11-23,5805
008350,남선알미늄,2021-11-23,6380
008370,원풍,2021-11-23,5802
008420,문배철강,2021-11-23,6379
008470,부스타,2021-11-23,2647
008490,서흥,2021-11-23,6380
008500,일정실업,2021-11-23,6380
008560,메리츠증권,2021-11-23,6380
008600,윌비스,2021-11-23,6380
008700,아남전자,2021-11-23,6380
008730,율촌화학,2021-11-23,6380
008770,호텔신라,2021-11-23,6380
008830,대동기어,2021-11-23,5804
008870,금비,2021-11-23,6380
008930,한미사이언스,2021-11-23,6380
008970,동양철관,2021-11-23,6380
009070,케이씨티시,2021-11-23,6380
009140,경인전자,2021-11-23,6380
009150,삼성전기,2021-11-23,6380
009160,SIMPAC,2021-11-23,6380
009180,한솔로지스틱스,2021-11-23,6378
009190,대양금속,2021-11-23,6378
009200,무림페이퍼,2021-11-23,6380
009240,한샘,2021-11-23,4786
009270,신원,2021-11-23,6380
009290,광동제약,2021-11-23,6380
009300,삼아제약,2021-11-23,5270
009310,참엔지니어링,2021-11-23,6380
009320,대우부품,2021-11-23,6380
009410,태영건설,2021-11-23,6380
009420,한올바이오파마,2021-11-23,6380
009440,KC그린홀딩스,2021-11-23,6380
009450,경동나비엔,2021-11-23,6380
009460,한창제지,2021-11-23,6380
009470,삼화전기,2021-11-23,6380
009520,포스코엠텍,2021-11-23,5806
009540,한국조선해양,2021-11-23,5485
009580,무림P&P,2021-11-23,6380
009620,삼보산업,2021-11-23,5799
009680,모토닉,2021-11-23,6380
009730,코센,2021-11-23,5804
009770,삼정펄프,2021-11-23,3731
009780,엠에스씨,2021-11-23,5803
009810,플레이그램,2021-11-23,6380
009830,한화솔루션,2021-11-23,6380
009900,명신산업,2021-11-23,238
009970,영원무역홀딩스,2021-11-23,6380
010040,한국내화,2021-11-23,5805
010050,우리종금,2021-11-23,6380
010060,OCI,2021-11-23,6380
010100,한국프랜지공업,2021-11-23,6380
010120,엘에스일렉트릭,2021-11-23,6354
010130,고려아연,2021-11-23,6354
010140,삼성중공업,2021-11-23,6354
010170,대한광통신,2021-11-23,5802
010240,흥국,2021-11-23,3098
010280,쌍용정보통신,2021-11-23,5320
010400,우진아이엔에스,2021-11-23,785
010420,한솔피엔에스,2021-11-23,6354
010470,오리콤,2021-11-23,5206
010580,지코,2021-11-23,6354
010600,웰바이오텍,2021-11-23,6119
010620,현대미포조선,2021-11-23,6354
010640,진양폴리우레탄,2021-11-23,6354
010660,화천기계,2021-11-23,6354
010690,화신,2021-11-23,6354
010770,평화홀딩스,2021-11-23,6352
010780,아이에스동서,2021-11-23,6353
010820,퍼스텍,2021-11-23,6354
010950,S-Oil,2021-11-23,6354
010960,삼호개발,2021-11-23,4783
011000,진원생명과학,2021-11-23,6354
011040,경동제약,2021-11-23,5805
011070,LG이노텍,2021-11-23,3295
011080,형지I&C,2021-11-23,4302
011090,에넥스,2021-11-23,6354
011150,CJ씨푸드,2021-11-23,6354
011170,롯데케미칼,2021-11-23,6354
011200,HMM,2021-11-23,6353
011210,현대위아,2021-11-23,2650
011230,삼화전자공업,2021-11-23,6354
011280,태림포장,2021-11-23,6354
011300,성안,2021-11-23,6354
011320,유니크,2021-11-23,5803
011330,유니켐,2021-11-23,6353
011370,서한,2021-11-23,5803
011390,부산산업,2021-11-23,6354
011420,갤럭시아에스엠,2021-11-23,6353
011500,한농화성,2021-11-23,4667
011560,세보엠이씨,2021-11-23,5802
011690,와이투솔루션,2021-11-23,6354
011700,한신기계공업,2021-11-23,6353
011760,현대코퍼레이션,2021-11-23,6354
011780,금호석유화학,2021-11-23,6354
011790,SKC,2021-11-23,6043
011810,STX,2021-11-23,6353
011930,신성이엔지,2021-11-23,6323
012030,DB,2021-11-23,6354
012160,영흥,2021-11-23,2918
012170,아센디오,2021-11-23,6353
012200,계양전기,2021-11-23,6352
012280,영화금속,2021-11-23,6353
012320,경동인베스트,2021-11-23,6150
012330,현대모비스,2021-11-23,6354
012340,뉴인텍,2021-11-23,5802
012450,한화에어로스페이스,2021-11-23,6353
012510,더존비즈온,2021-11-23,6354
012600,센트럴인사이트,2021-11-23,6353
012610,경인양행,2021-11-23,6354
012620,원일특강,2021-11-23,5802
012630,HDC,2021-11-23,6263
012690,모나리자,2021-11-23,6354
012700,리드코프,2021-11-23,5800
012750,에스원,2021-11-23,6354
012790,신일제약,2021-11-23,5466
012800,대창,2021-11-23,6354
012860,모베이스전자,2021-11-23,5803
013000,세우글로벌,2021-11-23,6353
013030,하이록코리아,2021-11-23,5803
013120,동원개발,2021-11-23,5803
013310,아진산업,2021-11-23,1451
013360,일성건설,2021-11-23,6353
013520,화승코퍼레이션,2021-11-23,6354
013570,디와이,2021-11-23,6353
013580,계룡건설산업,2021-11-23,6354
013700,까뮤이앤씨,2021-11-23,6353
013720,CBI,2021-11-23,5803
013810,스페코,2021-11-23,5803
013870,지엠비코리아,2021-11-23,2212
013890,지누스,2021-11-23,2777
013990,아가방컴퍼니,2021-11-23,4904
014100,메디앙스,2021-11-23,5802
014130,한익스프레스,2021-11-23,6354
014160,대영포장,2021-11-23,6353
014190,원익큐브,2021-11-23,5804
014200,광림,2021-11-23,5804
014280,금강공업,2021-11-23,6353
014440,영보화학,2021-11-23,6009
014470,부방,2021-11-23,5803
014530,극동유화,2021-11-23,6353
014570,고려제약,2021-11-23,5174
014580,태경비케이,2021-11-23,6354
014620,성광벤드,2021-11-23,5155
014680,한솔케미칼,2021-11-23,6354
014710,사조씨푸드,2021-11-23,2312
014790,한라,2021-11-23,6354
014820,동원시스템즈,2021-11-23,6354
014830,유니드,2021-11-23,4196
014910,성문전자,2021-11-23,6354
014940,오리엔탈정공,2021-11-23,4919
014970,삼륭물산,2021-11-23,5804
014990,인디에프,2021-11-23,6354
015020,이스타코,2021-11-23,6353
015230,대창단조,2021-11-23,6354
015260,에이엔피,2021-11-23,6354
015350,부산도시가스,2021-11-23,6064
015360,예스코홀딩스,2021-11-23,6205
015540,쎌마테라퓨틱스,2021-11-23,6353
015590,큐로,2021-11-23,6353
015710,코콤,2021-11-23,5802
015750,성우하이텍,2021-11-23,5805
015760,한국전력공사,2021-11-23,6353
015860,일진홀딩스,2021-11-23,6354
015890,태경산업,2021-11-23,6353
016090,대현,2021-11-23,6354
016100,리더스코스메틱,2021-11-23,4662
016250,SGC이테크건설,2021-11-23,5370
016360,삼성증권,2021-11-23,6353
016380,KG동부제철,2021-11-23,6353
016450,한세예스24홀딩스,2021-11-23,5802
016580,환인제약,2021-11-23,6346
016590,신대양제지,2021-11-23,6354
016600,큐캐피탈,2021-11-23,5805
016610,DB금융투자,2021-11-23,6354
016670,인피니티엔티,2021-11-23,5800
016710,대성홀딩스,2021-11-23,5375
016740,두올,2021-11-23,1305
016790,현대사료,2021-11-23,857
016800,퍼시스,2021-11-23,6205
016880,웅진,2021-11-23,6354
016920,카스,2021-11-23,5804
017000,신원종합개발,2021-11-23,5800
017040,광명전기,2021-11-23,6354
017180,명문제약,2021-11-23,3305
017250,인터엠,2021-11-23,5802
017370,우신시스템,2021-11-23,5013
017390,서울도시가스,2021-11-23,6354
017480,삼현철강,2021-11-23,5156
017510,세명전기,2021-11-23,5803
017550,수산중공업,2021-11-23,6353
017650,대림제지,2021-11-23,5802
017670,SK텔레콤,2021-11-23,6354
017800,현대엘리베이터,2021-11-23,6346
017810,풀무원,2021-11-23,6354
017890,한국알콜,2021-11-23,5802
017900,광전자,2021-11-23,6126
017940,E1,2021-11-23,6010
017960,한국카본,2021-11-23,6354
018000,유니슨,2021-11-23,5803
018120,진로발효,2021-11-23,5805
018250,애경산업,2021-11-23,905
018260,삼성에스디에스,2021-11-23,1725
018290,브이티지엠피,2021-11-23,5803
018310,삼목에스폼,2021-11-23,5803
018470,조일알미늄,2021-11-23,6354
018500,동원금속,2021-11-23,6352
018620,우진비앤지,2021-11-23,3342
018670,SK가스,2021-11-23,6009
018680,서울제약,2021-11-23,5250
018700,바른손,2021-11-23,5804
018880,한온시스템,2021-11-23,6323
019010,베뉴지,2021-11-23,5804
019170,신풍제약,2021-11-23,6353
019180,티에이치엔,2021-11-23,6324
019210,와이지-원,2021-11-23,5802
019440,세아특수강,2021-11-23,2581
019490,하이트론씨스템즈,2021-11-23,5660
019540,일지테크,2021-11-23,5804
019550,SBI인베스트먼트,2021-11-23,5803
019570,리더스 기술투자,2021-11-23,5802
019590,엠벤처투자,2021-11-23,5803
019660,글로본,2021-11-23,5803
019680,대교,2021-11-23,4406
019770,서연탑메탈,2021-11-23,2565
019990,에너토크,2021-11-23,3906
020000,한섬,2021-11-23,6344
020120,키다리스튜디오,2021-11-23,6346
020150,일진머티리얼즈,2021-11-23,2642
020180,대신정보통신,2021-11-23,5805
020400,대동금속,2021-11-23,5803
020560,아시아나항공,2021-11-23,5373
020710,시공테크,2021-11-23,5466
020760,일진디스플,2021-11-23,4910
021040,대호특수강,2021-11-23,5786
021050,서원,2021-11-23,6353
021080,에이티넘인베스트,2021-11-23,5802
021240,코웨이,2021-11-23,5804
021320,KCC건설,2021-11-23,5005
021650,한국큐빅,2021-11-23,4656
021820,세원정공,2021-11-23,6347
021880,메이슨캐피탈,2021-11-23,5803
022100,포스코 ICT,2021-11-23,5182
022220,정산애강,2021-11-23,3857
023000,삼원강재,2021-11-23,2545
023150,MH에탄올,2021-11-23,5200
023160,태광,2021-11-23,5800
023350,한국종합기술,2021-11-23,2602
023410,유진기업,2021-11-23,5805
023440,제일제강,2021-11-23,5804
023450,동남합성,2021-11-23,6205
023460,CNH,2021-11-23,5805
023530,롯데쇼핑,2021-11-23,3900
023590,다우기술,2021-11-23,6010
023600,삼보판지,2021-11-23,5802
023760,한국캐피탈,2021-11-23,5803
023770,플레이위드,2021-11-23,5805
023790,동일철강,2021-11-23,5803
023800,인지컨트롤스,2021-11-23,5200
023810,인팩,2021-11-23,5805
023900,풍국주정,2021-11-23,5803
023910,대한약품,2021-11-23,5803
023960,에쓰씨엔지니어링,2021-11-23,6064
024060,흥구석유,2021-11-23,5800
024070,WISCOM,2021-11-23,5200
024090,디씨엠,2021-11-23,5200
024110,기업은행,2021-11-23,5802
024120,KB오토시스,2021-11-23,5802
024720,한국콜마홀딩스,2021-11-23,5805
024740,한일단조,2021-11-23,5802
024800,유성티엔에스,2021-11-23,5382
024810,이화전기,2021-11-23,5804
024830,세원물산,2021-11-23,5802
024840,KBI메탈,2021-11-23,5803
024850,피에스엠씨,2021-11-23,5149
024880,케이피에프,2021-11-23,5805
024890,대원화성,2021-11-23,5200
024900,덕양산업,2021-11-23,5200
024910,경창산업,2021-11-23,5802
024940,PN풍년,2021-11-23,5802
024950,삼천리자전거,2021-11-23,5803
025000,KPX케미칼,2021-11-23,5200
025320,시노펙스,2021-11-23,5805
025440,대성엘텍,2021-11-23,5802
025530,에스제이엠홀딩스,2021-11-23,5200
025540,한국단자공업,2021-11-23,5200
025550,한국선재,2021-11-23,5803
025560,미래산업,2021-11-23,6230
025620,제이준코스메틱,2021-11-23,5613
025750,한솔홈데코,2021-11-23,4465
025770,한국정보통신,2021-11-23,5804
025820,이구산업,2021-11-23,5200
025860,남해화학,2021-11-23,6354
025870,신라에스지,2021-11-23,5804
025880,케이씨피드,2021-11-23,5803
025890,한국주강,2021-11-23,6042
025900,동화기업,2021-11-23,5803
025950,동신건설,2021-11-23,5802
025980,아난티,2021-11-23,5804
026040,제이에스티나,2021-11-23,5377
026150,특수건설,2021-11-23,5800
026890,디피씨,2021-11-23,5936
026910,광진실업,2021-11-23,5802
026940,부국철강,2021-11-23,5804
026960,동서,2021-11-23,5800
027040,서울전자통신,2021-11-23,5386
027050,코리아나,2021-11-23,5384
027360,아주IB투자,2021-11-23,742
027410,BGF,2021-11-23,1847
027580,상보,2021-11-23,3495
027710,팜스토리,2021-11-23,5803
027740,마니커,2021-11-23,5174
027830,대성창투,2021-11-23,5392
027970,세하,2021-11-23,6347
028050,삼성엔지니어링,2021-11-23,6204
028080,휴맥스홀딩스,2021-11-23,5806
028100,동아지질,2021-11-23,3075
028260,삼성물산,2021-11-23,1702
028300,에이치엘비,2021-11-23,5795
028670,팬오션,2021-11-23,3499
029460,케이씨,2021-11-23,5937
029480,릭스솔루션,2021-11-23,5800
029530,신도리코,2021-11-23,6204
029780,삼성카드,2021-11-23,3558
029960,코엔텍,2021-11-23,4313
030000,제일기획,2021-11-23,5863
030190,NICE평가정보,2021-11-23,5312
030200,케이티,2021-11-23,5621
030210,KTB투자증권,2021-11-23,6234
030350,드래곤플라이,2021-11-23,5804
030520,한글과컴퓨터,2021-11-23,5804
030530,원익홀딩스,2021-11-23,5800
030610,교보증권,2021-11-23,5398
030720,동원수산,2021-11-23,6230
030790,비케이탑스,2021-11-23,5163
030960,양지사,2021-11-23,5805
031310,아이즈비전,2021-11-23,5790
031330,에스에이엠티,2021-11-23,5310
031390,녹십자셀,2021-11-14,5689
031430,신세계인터내셔날,2021-11-23,2550
031440,신세계푸드,2021-11-23,5019
031510,오스템,2021-11-23,5805
031820,콤텍시스템,2021-11-23,6170
031860,엔에스엔,2021-11-23,5804
031980,피에스케이홀딩스,2021-11-23,5805
032080,아즈텍WB,2021-11-23,5204
032190,다우데이타,2021-11-23,5375
032280,삼일,2021-11-23,5802
032300,한국파마,2021-11-23,318
032350,롯데관광개발,2021-11-23,3820
032500,케이엠더블유,2021-11-23,5323
032540,TJ미디어,2021-11-23,5801
032560,황금에스티,2021-11-23,5803
032580,피델릭스,2021-11-23,5805
032620,유비케어,2021-11-23,5804
032640,LG유플러스,2021-11-23,5229
032680,소프트센,2021-11-23,5802
032750,삼진,2021-11-23,5802
032790,엠젠플러스,2021-11-23,5802
032800,판타지오,2021-11-23,5802
032820,우리기술,2021-11-23,5288
032830,삼성생명,2021-11-23,2844
032850,비트컴퓨터,2021-11-23,5802
032860,휴먼엔,2021-11-23,5799
032940,원익,2021-11-23,5804
032960,동일기연,2021-11-23,5803
032980,바이온,2021-11-23,5803
033050,제이엠아이,2021-11-23,5802
033100,제룡전기,2021-11-23,5805
033130,디지틀조선,2021-11-23,5804
033160,엠케이전자,2021-11-23,5804
033170,시그네틱스,2021-11-23,2707
033180,KH 필룩스,2021-11-23,5803
033200,모아텍,2021-11-23,5804
033230,인성정보,2021-11-23,5475
033240,자화전자,2021-11-23,5615
033250,체시스,2021-11-23,5467
033270,유나이티드,2021-11-23,5404
033290,코웰패션,2021-11-23,5804
033310,엠투엔,2021-11-23,5803
033320,제이씨현시스템,2021-11-23,5803
033340,좋은사람들,2021-11-23,5804
033500,동성화인텍,2021-11-23,5805
033530,세종공업,2021-11-23,5806
033540,파라텍,2021-11-23,5804
033560,블루콤,2021-11-23,2665
033640,네패스,2021-11-23,5380
033780,케이티앤지,2021-11-23,5427
033790,스카이문스테크놀로지,2021-11-23,5044
033830,티비씨,2021-11-23,2705
033920,무학,2021-11-23,5585
034020,두산중공업,2021-11-23,5206
034120,SBS,2021-11-23,5530
034220,LG디스플레이,2021-11-23,4288
034230,파라다이스,2021-11-23,4710
034300,신세계건설,2021-11-23,5501
034310,NICE,2021-11-23,4404
034590,인천도시가스,2021-11-23,3716
034730,SK,2021-11-23,2967
034810,해성산업,2021-11-23,5530
034830,한국토지신탁,2021-11-23,5067
034940,조아제약,2021-11-23,5466
034950,한국기업평가,2021-11-23,4890
035000,지투알,2021-11-23,5300
035080,인터파크,2021-11-23,5487
035150,백산,2021-11-23,5466
035200,프럼파스트,2021-11-23,4906
035250,강원랜드,2021-11-23,4959
035290,골드앤에스,2021-11-23,5384
035420,NAVER,2021-11-23,4714
035460,기산텔레콤,2021-11-23,5398
035510,신세계I&C,2021-11-23,5188
035600,KG이니시스,2021-11-23,4697
035610,솔본,2021-11-23,5466
035620,바른손이앤에이,2021-11-23,5440
035720,카카오,2021-11-23,5404
035760,CJ ENM,2021-11-23,5396
035810,이지홀딩스,2021-11-23,5395
035890,서희건설,2021-11-23,5372
035900,JYP Ent.,2021-11-23,4998
036000,예림당,2021-11-23,5389
036010,아비코전자,2021-11-23,4794
036030,케이티알파,2021-11-23,5374
036090,위지트,2021-11-23,5380
036120,SCI평가정보,2021-11-23,5382
036170,클라우드에어,2021-11-23,5376
036180,지더블유바이텍,2021-11-23,5376
036190,금화피에스시,2021-11-23,5162
036200,유니셈,2021-11-23,5380
036420,제이콘텐트리,2021-11-23,5320
036460,한국가스공사,2021-11-23,5380
036480,대성미생물,2021-11-23,5320
036490,SK머티리얼즈,2021-11-23,5380
036530,SNT홀딩스,2021-11-23,5328
036540,SFA반도체,2021-11-23,5080
036560,영풍정밀,2021-11-23,5370
036570,엔씨소프트,2021-11-23,5273
036580,팜스코,2021-11-23,5200
036620,감성코퍼레이션,2021-11-23,5365
036630,세종텔레콤,2021-11-23,5368
036640,HRS,2021-11-23,5303
036670,KCI,2021-11-23,5159
036690,코맥스,2021-11-23,5360
036710,심텍홀딩스,2021-11-23,5370
036800,나이스정보통신,2021-11-23,5319
036810,에프에스티,2021-11-23,5360
036830,솔브레인홀딩스,2021-11-23,5359
036890,진성티이씨,2021-11-23,5269
036930,주성엔지니어링,2021-11-23,5373
037030,파워넷,2021-11-23,2211
037070,파세코,2021-11-23,5370
037230,한국팩키지,2021-11-23,5376
037270,YG PLUS,2021-11-23,4526
037330,인지디스플레,2021-11-23,5380
037350,성도이엔지,2021-11-23,5364
037370,EG,2021-11-23,5365
037400,우리조명,2021-11-23,5378
037440,희림,2021-11-23,5348
037460,삼지전자,2021-11-23,5378
037560,LG헬로비전,2021-11-23,2219
037710,광주신세계,2021-11-23,4890
037760,쎄니트,2021-11-23,5320
037950,엘컴텍,2021-11-23,5243
038010,제일테크노스,2021-11-23,5360
038060,루멘스,2021-11-23,3778
038070,서린바이오,2021-11-23,3975
038110,에코플라스틱,2021-11-23,5319
038290,마크로젠,2021-11-23,5337
038340,UCI,2021-11-23,4939
038390,레드캡투어,2021-11-23,5349
038460,바이오스마트,2021-11-23,5287
038500,삼표시멘트,2021-11-23,5140
038530,골드퍼시픽,2021-11-23,5296
038540,상상인,2021-11-23,5248
038620,위즈코프,2021-11-23,5316
038680,에스넷,2021-11-23,5320
038870,에코바이오,2021-11-23,5060
038880,아이에이,2021-11-23,5320
038950,파인디지털,2021-11-23,5315
039010,현대에이치티,2021-11-23,5265
039020,이건홀딩스,2021-11-23,5314
039030,이오테크닉스,2021-11-23,5242
039130,하나투어,2021-11-23,5178
039200,오스코텍,2021-11-23,3669
039240,경남스틸,2021-11-23,5326
039290,인포뱅크,2021-11-23,3801
039310,세중,2021-11-23,5294
039340,한국경제TV,2021-11-23,4282
039420,케이엘넷,2021-11-23,4870
039440,에스티아이,2021-11-23,4878
039490,키움증권,2021-11-23,4351
039560,다산네트웍스,2021-11-23,5283
039570,HDC아이콘트롤스,2021-11-23,1511
039610,화성밸브,2021-11-23,5316
039670,스포츠서울,2021-11-23,4414
039740,한국정보공학,2021-11-23,5274
039830,오로라,2021-11-23,5155
039840,디오,2021-11-23,5278
039860,나노엔텍,2021-11-23,5246
039980,리노스,2021-11-23,4766
040160,누리플렉스,2021-11-23,5237
040300,YTN,2021-11-23,4990
040350,큐로컴,2021-11-23,4905
040420,정상제이엘에스,2021-11-23,5256
040610,SG&G,2021-11-23,5317
040910,아이씨디,2021-11-23,2534
041020,폴라리스오피스,2021-11-23,3972
041140,넥슨지티,2021-11-23,5262
041190,우리기술투자,2021-11-23,5293
041440,현대에버다임,2021-11-23,4457
041460,한국전자인증,2021-11-23,2712
041510,에스엠,2021-11-23,5317
041520,이라이콤,2021-11-23,4546
041590,젬백스지오,2021-11-23,4710
041650,상신브레이크,2021-11-23,4941
041830,인바디,2021-11-23,5164
041910,에스텍파마,2021-11-23,4403
041920,메디아나,2021-11-23,2063
041930,동아화성,2021-11-23,4914
041960,코미팜,2021-11-23,4953
042000,카페24,2021-11-23,932
042040,케이피엠테크,2021-11-23,4669
042110,에스씨디,2021-11-23,5269
042370,비츠로테크,2021-11-23,5255
042420,네오위즈홀딩스,2021-11-23,5280
042500,링네트,2021-11-23,4905
042510,라온시큐어,2021-11-23,5156
042520,한스바이오메드,2021-11-23,2991
042600,새로닉스,2021-11-23,4733
042660,대우조선해양,2021-11-23,5142
042670,현대두산인프라코어,2021-11-23,5141
042700,한미반도체,2021-11-23,4039
042940,상지카일룸,2021-11-23,5205
043090,한주케미칼앤홀딩스,2021-11-23,4967
043100,솔고바이오,2021-11-23,5252
043150,바텍,2021-11-23,3741
043200,파루,2021-11-23,5266
043220,에이치엘비파워,2021-11-23,5034
043260,성호전자,2021-11-23,4930
043340,에쎈테크,2021-11-23,5237
043360,디지아이,2021-11-23,5020
043370,피에이치에이,2021-11-23,4920
043590,크로바하이텍,2021-11-23,4916
043610,지니뮤직,2021-11-23,5264
043650,국순당,2021-11-23,5240
043710,서울리거,2021-11-23,4788
043910,자연과환경,2021-11-23,3957
044060,조광ILI,2021-11-23,5145
044180,KD,2021-11-23,5185
044340,위닉스,2021-11-23,5200
044380,주연테크,2021-11-23,3711
044450,KSS해운,2021-11-23,3477
044480,블루베리 NFT,2021-11-23,5150
044490,태웅,2021-11-23,4947
044780,에이치케이,2021-11-23,5230
044820,코스맥스비티아이,2021-11-23,4886
044960,이글벳,2021-11-23,5184
044990,에이치엔에스하이텍,2021-11-23,1459
045060,오공,2021-11-23,5249
045100,한양이엔지,2021-11-23,5236
045300,성우테크론,2021-11-23,4919
045340,토탈소프트,2021-11-23,4782
045390,대아티아이,2021-11-23,5065
045510,정원엔시스,2021-11-23,5230
045520,크린앤사이언스,2021-11-23,5172
045660,에이텍,2021-11-23,5060
045890,GV,2021-11-23,3951
045970,코아시아,2021-11-23,5254
046070,코다코,2021-11-23,5158
046110,한일네트웍스,2021-11-23,3912
046120,오르비텍,2021-11-23,2821
046140,SBS콘텐츠허브,2021-11-23,4649
046210,파나진,2021-11-23,5246
046310,백금T&A,2021-11-23,4888
046390,삼화네트웍스,2021-11-23,5149
046440,KG모빌리언스,2021-11-23,4189
046890,서울반도체,2021-11-23,4900
046940,우원개발,2021-11-23,4804
046970,우리로,2021-11-23,2207
047040,대우건설,2021-11-23,5107
047050,포스코인터내셔널,2021-11-23,5108
047080,한빛소프트,2021-11-23,4904
047310,파워로직스,2021-11-23,4532
047400,유니온머티리얼,2021-11-23,2997
047560,이스트소프트,2021-11-23,3312
047770,코데즈컴바인,2021-11-23,4980
047810,한국항공우주,2021-11-23,2560
047820,초록뱀미디어,2021-11-23,4676
047920,에이치엘비제약,2021-11-23,1453
048260,오스템임플란트,2021-11-23,3653
048410,현대바이오,2021-11-23,4768
048430,유라테크,2021-11-23,5150
048470,대동스틸,2021-11-23,4905
048530,인트론바이오,2021-11-23,2664
048550,SM C&C,2021-11-23,5145
048770,TPC,2021-11-23,5147
048830,엔피케이,2021-11-23,5210
048870,시너지이노베이션,2021-11-23,4273
048910,대원미디어,2021-11-23,5015
049070,인탑스,2021-11-23,4880
049080,기가레인,2021-11-23,1946
049120,파인디앤씨,2021-11-23,5017
049180,셀루메드,2021-11-23,4820
049430,코메론,2021-11-23,5145
049470,SGA,2021-11-23,4966
049480,오픈베이스,2021-11-23,5150
049520,유아이엘,2021-11-23,5010
049550,잉크테크,2021-11-23,4876
049630,재영솔루텍,2021-11-23,4655
049720,고려신용정보,2021-11-23,4889
049770,동원F&B,2021-11-23,5184
049800,우진플라임,2021-11-23,5016
049830,승일,2021-11-23,5144
049950,미래컴퍼니,2021-11-23,4174
049960,쎌바이오텍,2021-11-23,4682
050090,휘닉스소재,2021-11-23,4306
050110,캠시스,2021-11-23,5065
050120,ES큐브,2021-11-23,4838
050320,아래스,2021-11-23,4900
050540,한국코퍼레이션,2021-11-23,3940
050760,에스폴리텍,2021-11-23,4825
050860,아세아텍,2021-11-23,2917
050890,쏠리드,2021-11-23,4049
050960,수산아이앤티,2021-11-23,1257
051160,지어소프트,2021-11-23,4817
051360,토비스,2021-11-23,4205
051370,인터플렉스,2021-11-23,4658
051380,피씨디렉트,2021-11-23,4884
051390,YW,2021-11-23,4940
051490,나라엠앤디,2021-11-23,5047
051500,CJ프레시웨이,2021-11-23,5016
051600,한전KPS,2021-11-23,3443
051630,진양화학,2021-11-23,5145
051780,큐로홀딩스,2021-11-23,5037
051900,LG생활건강,2021-11-23,5085
051910,LG화학,2021-11-23,5085
051980,중앙디앤엠,2021-11-23,5012
052020,에스티큐브,2021-11-23,5030
052190,세영디앤씨,2021-11-23,5039
052220,iMBC,2021-11-23,4161
052260,현대바이오랜드,2021-11-23,5063
052300,초록뱀컴퍼니,2021-11-23,5010
052330,코텍,2021-11-23,5027
052400,코나아이,2021-11-23,4960
052420,오성첨단소재,2021-11-23,5007
052460,아이크래프트,2021-11-23,4176
052600,한네트,2021-11-23,5025
052670,제일바이오,2021-11-23,4892
052690,한전기술,2021-11-23,2945
052710,아모텍,2021-11-23,4526
052770,아이톡시,2021-11-23,4760
052790,액토즈소프트,2021-11-23,5003
052860,아이앤씨,2021-11-23,2994
052900,KMH하이텍,2021-11-23,4165
053030,바이넥스,2021-11-23,5008
053050,지에스이,2021-11-23,4965
053060,세동,2021-11-23,5000
053080,원방테크,2021-11-23,286
053110,소리바다,2021-11-23,4967
053160,프리엠스,2021-11-23,4952
053210,케이티스카이라이프,2021-11-23,2579
053260,금강철강,2021-11-23,4907
053270,구영테크,2021-11-23,4885
053280,예스24,2021-11-23,3350
053290,NE능률,2021-11-23,4685
053300,한국정보인증,2021-11-23,1917
053350,이니텍,2021-11-23,4940
053450,세코닉스,2021-11-23,5005
053580,웹케시,2021-11-23,698
053590,한국테크놀로지,2021-11-23,4996
053610,프로텍,2021-11-23,5000
053620,태양,2021-11-23,5007
053660,현진소재,2021-11-23,4880
053690,한미글로벌,2021-11-23,3068
053700,삼보모터스,2021-11-23,4947
053800,안랩,2021-11-23,4982
053950,경남제약,2021-11-23,4946
053980,오상자이엘,2021-11-23,4850
054040,한국컴퓨터,2021-11-23,4896
054050,농우바이오,2021-11-23,4853
054090,삼진엘앤디,2021-11-23,4402
054180,메디콕스,2021-11-23,4959
054210,이랜텍,2021-11-23,4829
054220,비츠로시스,2021-11-23,4910
054300,팬스타엔터프라이즈,2021-11-23,4900
054410,케이피티유,2021-11-23,4838
054450,텔레칩스,2021-11-23,4191
054540,삼영엠텍,2021-11-23,4938
054620,APS홀딩스,2021-11-23,4924
054630,에이디칩스,2021-11-23,4940
054670,대한뉴팜,2021-11-23,4877
054780,키이스트,2021-11-23,4456
054800,아이디스홀딩스,2021-11-23,4969
054920,한컴위드,2021-11-23,4947
054930,유신,2021-11-23,4896
054940,엑사이엔씨,2021-11-23,4917
054950,제이브이엠,2021-11-23,3821
055490,테이팩스,2021-11-23,1001
055550,신한지주,2021-11-23,4991
056000,COWON,2021-11-23,4541
056080,유진로봇,2021-11-23,4939
056090,유앤아이,2021-11-23,1480
056190,에스에프에이,2021-11-23,4913
056360,코위버,2021-11-23,4922
056700,신화인터텍,2021-11-23,4916
056730,CNT85,2021-11-23,4903
057030,YBM넷,2021-11-23,4321
057050,현대홈쇼핑,2021-11-23,2758
057540,옴니시스템,2021-11-23,3501
057680,티사이언티픽,2021-11-23,4804
057880,피에이치씨,2021-11-23,4427
058110,멕아이씨에스,2021-11-23,1457
058220,아리온,2021-11-23,4029
058400,KNN,2021-11-23,2724
058420,제이웨이,2021-11-23,4899
058430,포스코강판,2021-11-23,4764
058450,일야,2021-11-23,4894
058470,리노공업,2021-11-23,4913
058530,슈펙스비앤피,2021-11-23,4883
058610,에스피지,2021-11-23,4780
058630,엠게임,2021-11-23,3192
058650,세아홀딩스,2021-11-23,5020
058730,다스코,2021-11-23,4281
058820,CMG제약,2021-11-23,4987
058850,KTcs,2021-11-23,2754
058860,KTis,2021-11-23,2691
058970,엠로,2021-11-23,1368
059090,미코,2021-11-23,4896
059100,아이컴포넌트,2021-11-23,3195
059120,아진엑스텍,2021-11-23,2063
059210,메타바이오메드,2021-11-23,3363
059270,해성티피씨,2021-11-23,147
060150,인선이엔티,2021-11-23,4805
060230,얍엑스,2021-11-23,4798
060240,룽투코리아,2021-11-23,4902
060250,NHN한국사이버결제,2021-11-23,4900
060260,뉴보텍,2021-11-23,4883
060280,큐렉소,2021-11-23,4794
060300,레드로버,2021-11-23,4899
060310,3S,2021-11-23,4840
060370,KT서브마린,2021-11-23,4880
060380,동양에스텍,2021-11-23,4883
060480,국일신동,2021-11-23,1695
060540,에스에이티,2021-11-23,3702
060560,홈센타홀딩스,2021-11-23,4788
060570,드림어스컴퍼니,2021-11-23,4432
060590,씨티씨바이오,2021-11-23,4877
060720,KH바텍,2021-11-23,4821
060850,영림원소프트랩,2021-11-23,316
060900,대한그린파워,2021-11-23,4740
060980,한라홀딩스,2021-11-23,2838
061040,알에프텍,2021-11-23,4824
061250,화일약품,2021-11-23,4844
061970,엘비세미콘,2021-11-23,2662
062860,티엘아이,2021-11-23,3788
062970,피피아이,2021-11-23,472
063080,게임빌,2021-11-23,3041
063160,종근당바이오,2021-11-23,4928
063170,서울옥션,2021-11-23,3313
063440,SM Life Design,2021-11-23,4814
063570,한국전자금융,2021-11-23,3794
063760,이엘피,2021-11-23,1615
064090,에프앤리퍼블릭,2021-11-23,4680
064240,홈캐스트,2021-11-23,4563
064260,다날,2021-11-23,4288
064290,인텍플러스,2021-11-23,2679
064350,현대로템,2021-11-23,1982
064480,브리지텍,2021-11-23,3330
064510,에코마이스터,2021-11-23,910
064520,바른전자,2021-11-23,4689
064550,바이오니아,2021-11-23,3927
064760,티씨케이,2021-11-23,4517
064800,젬백스링크,2021-11-23,4760
064820,케이프,2021-11-23,3579
064850,에프앤가이드,2021-11-23,2063
064960,SNT모티브,2021-11-23,4872
065060,지엔코,2021-11-23,4817
065130,탑엔지니어링,2021-11-23,4653
065150,엠피대산,2021-11-23,3544
065170,넥스트BT,2021-11-23,4700
065350,신성델타테크,2021-11-23,4278
065370,위세아이텍,2021-11-23,898
065420,에스아이리소스,2021-11-23,4760
065440,이루온,2021-11-23,4654
065450,빅텍,2021-11-23,4649
065500,오리엔트정공,2021-11-23,4739
065510,휴비츠,2021-11-23,4467
065530,와이어블,2021-11-23,4812
065560,녹원씨엔아이,2021-11-23,4549
065570,삼영이엔씨,2021-11-23,4659
065650,메디프론,2021-11-23,4658
065660,안트로젠,2021-11-23,1418
065680,우주일렉트로,2021-11-23,4425
065690,파커스,2021-11-23,4784
065710,서호전기,2021-11-23,4785
065770,CS,2021-11-23,4322
065950,웰크론,2021-11-23,4529
066110,한프,2021-11-23,4785
066130,하츠,2021-11-23,4645
066310,큐에스아이,2021-11-23,3704
066360,체리부로,2021-11-23,977
066410,버킷스튜디오,2021-11-23,4432
066430,와이오엠,2021-11-23,4676
066570,LG전자,2021-11-23,4842
066590,우수AMS,2021-11-23,4643
066620,국보디자인,2021-11-23,4750
066670,디스플레이텍,2021-11-23,4673
066700,테라젠이텍스,2021-11-23,4328
066790,씨씨에스,2021-11-23,4570
066830,제노텍,2021-11-23,1314
066900,디에이피,2021-11-23,4336
066910,손오공,2021-11-23,4172
066970,엘앤에프,2021-11-23,4672
066980,이엔코퍼레이션,2021-11-23,4660
067000,조이시티,2021-11-23,3333
067010,이씨에스,2021-11-23,3441
067080,대화제약,2021-11-23,4642
067160,아프리카TV,2021-11-23,4431
067170,오텍,2021-11-23,4456
067280,멀티캠퍼스,2021-11-23,3710
067290,JW신약,2021-11-23,4644
067310,하나마이크론,2021-11-23,3985
067370,선바이오,2021-11-23,1431
067390,아스트,2021-11-23,1698
067570,엔브이에이치코리아,2021-11-23,1958
067630,에이치엘비생명과학,2021-11-23,3211
067730,로지시스,2021-11-23,1552
067770,세진티에스,2021-11-23,4420
067830,세이브존I&C,2021-11-23,4779
067900,와이엔텍,2021-11-23,3932
067920,이글루시큐리티,2021-11-23,2785
067990,도이치모터스,2021-11-23,4195
068050,팬엔터테인먼트,2021-11-23,3798
068240,다원시스,2021-11-23,2757
068270,셀트리온,2021-11-23,4042
068290,삼성출판사,2021-11-23,4772
068330,일신바이오,2021-11-23,3437
068400,SK렌터카,2021-11-23,2291
068760,셀트리온제약,2021-11-23,3904
068790,DMS,2021-11-23,4241
068930,디지털대성,2021-11-23,4476
068940,아이씨케이,2021-11-23,2734
069080,웹젠,2021-11-23,4574
069110,코스온,2021-11-23,4479
069140,누리플랜,2021-11-23,2730
069260,휴켐스,2021-11-23,4730
069330,유아이디,2021-11-23,4517
069410,엔텔스,2021-11-23,3563
069460,대호에이엘,2021-11-23,4706
069510,에스텍,2021-11-23,4457
069540,라이트론,2021-11-23,4398
069620,대웅제약,2021-11-23,4710
069640,한세엠케이,2021-11-23,2568
069730,DSR제강,2021-11-23,4653
069920,아이에스이커머스,2021-11-23,3449
069960,현대백화점,2021-11-23,4696
070300,엑스큐어,2021-11-23,2826
070590,한솔인티큐브,2021-11-23,4420
070960,용평리조트,2021-11-23,1349
071050,한국금융지주,2021-11-23,4535
071090,하이스틸,2021-11-23,4640
071200,인피니트헬스케어,2021-11-23,2835
071280,로체시스템즈,2021-11-23,4457
071320,지역난방공사,2021-11-23,2913
071460,위니아딤채,2021-11-23,1315
071670,에이테크솔루션,2021-11-23,3113
071840,롯데하이마트,2021-11-23,2561
071850,캐스텍코리아,2021-11-23,1840
071950,코아스,2021-11-23,4029
071970,STX중공업,2021-11-23,3094
072020,중앙백신,2021-11-23,4467
072130,유엔젤,2021-11-23,4549
072470,우리산업홀딩스,2021-11-23,4470
072520,제넨바이오,2021-11-23,4221
072710,농심홀딩스,2021-11-23,4528
072770,율호,2021-11-23,3540
072870,메가스터디,2021-11-23,4184
072950,빛샘전자,2021-11-23,2380
072990,에이치시티,2021-11-23,1254
073010,케이에스피,2021-11-23,4186
073110,엘엠에스,2021-11-23,3488
073190,듀오백,2021-11-23,4402
073240,금호타이어,2021-11-23,4145
073490,이노와이어리스,2021-11-23,4151
073540,에프알텍,2021-11-23,3584
073560,우리손에프앤지,2021-11-23,1306
073570,WI,2021-11-23,4422
073640,테라사이언스,2021-11-23,4422
074430,아미노로직스,2021-11-23,4323
074600,원익QnC,2021-11-23,4436
074610,이엔플러스,2021-11-23,4429
075130,플랜티넷,2021-11-23,4069
075180,새론오토모티브,2021-11-23,3977
075580,세진중공업,2021-11-23,1468
075970,동국알앤에스,2021-11-23,4399
076080,웰크론한텍,2021-11-23,3300
076340,관악산업,2021-11-23,1602
076610,해성옵틱스,2021-11-23,1976
077360,덕산하이메탈,2021-11-23,3982
077500,유니퀘스트,2021-11-23,4279
077970,STX엔진,2021-11-23,4341
078000,텔코웨어,2021-11-23,4290
078020,이베스트투자증권,2021-11-23,3645
078070,유비쿼스홀딩스,2021-11-23,3170
078130,국일제지,2021-11-23,4225
078140,대봉엘에스,2021-11-23,3931
078150,HB테크놀러지,2021-11-23,4193
078160,메디포스트,2021-11-23,4033
078340,컴투스,2021-11-23,3552
078350,한양디지텍,2021-11-23,4336
078520,에이블씨엔씨,2021-11-23,4151
078590,OQP,2021-11-23,3973
078600,대주전자재료,2021-11-23,4191
078650,지나인제약,2021-11-23,2731
078860,아이오케이,2021-11-23,3807
078890,가온미디어,2021-11-23,4047
078930,GS,2021-11-23,4278
078940,코드네이처,2021-11-23,4262
079000,와토스코리아,2021-11-23,3960
079160,CJ CGV,2021-11-23,4181
079170,한창산업,2021-11-23,4155
079190,EMW,2021-11-23,3950
079370,제우스,2021-11-23,3905
079430,현대리바트,2021-11-23,3955
079550,LIG넥스원,2021-11-23,1507
079650,서산,2021-11-23,4161
079810,디이엔티,2021-11-23,4159
079940,가비아,2021-11-23,3979
079950,인베니아,2021-11-23,4152
079960,동양이엔피,2021-11-23,4155
079970,투비소프트,2021-11-23,2831
079980,휴비스,2021-11-23,2398
080000,에스엔유,2021-11-23,4160
080010,이상네트웍스,2021-11-23,3991
080160,모두투어,2021-11-23,4036
080220,제주반도체,2021-11-23,4154
080420,모다이노칩,2021-11-23,3945
080470,성창오토텍,2021-11-23,3718
080520,오디텍,2021-11-23,3491
080530,코디,2021-11-23,2932
080580,오킨스전자,2021-11-23,1698
080720,한국유니온제약,2021-11-23,820
081000,일진다이아,2021-11-23,4182
081150,티플랙스,2021-11-23,3109
081580,성우전자,2021-11-23,3488
081660,휠라홀딩스,2021-11-23,2750
082210,옵트론텍,2021-11-23,4059
082270,젬백스,2021-11-23,4059
082640,동양생명,2021-11-23,2991
082660,코스나인,2021-11-23,3988
082740,HSD엔진,2021-11-23,2681
082800,비보존 헬스케어,2021-11-23,3957
082850,우리바이오,2021-11-23,4034
082920,비츠로셀,2021-11-23,2978
083310,엘오티베큠,2021-11-23,3989
083420,그린케미칼,2021-11-23,3978
083450,GST,2021-11-23,3906
083470,이엠앤아이,2021-11-23,3258
083500,에프엔에스테크,2021-11-23,1162
083550,케이엠,2021-11-23,3935
083640,인콘,2021-11-23,3930
083650,비에이치아이,2021-11-23,3947
083660,CSA 코스믹,2021-11-23,3787
083790,크리스탈지노믹스,2021-11-23,3922
083930,아바코,2021-11-23,3985
084010,대한제강,2021-11-23,3971
084110,휴온스글로벌,2021-11-23,3687
084180,수성이노베이션,2021-11-23,3937
084370,유진테크,2021-11-23,3915
084440,유비온,2021-11-23,1926
084650,랩지노믹스,2021-11-23,2063
084670,동양고속,2021-11-23,4038
084680,이월드,2021-11-23,4037
084690,대상홀딩스,2021-11-23,4022
084730,팅크웨어,2021-11-23,3832
084850,아이티엠반도체,2021-11-23,506
084870,티비에이치글로벌,2021-11-23,3935
084990,헬릭스미스,2021-11-23,3928
085310,엔케이,2021-11-23,3418
085370,루트로닉,2021-11-23,3801
085620,미래에셋생명,2021-11-23,1567
085660,차바이오텍,2021-11-23,3930
085670,뉴프렉스,2021-11-23,3916
085810,알티캐스트,2021-11-23,1954
085910,네오티스,2021-11-23,3495
086040,바이오톡스텍,2021-11-23,3499
086060,진바이오텍,2021-11-23,3846
086080,다이노나,2021-11-21,871
086220,네추럴FNP,2021-11-23,1566
086280,현대글로비스,2021-11-23,3930
086390,유니테스트,2021-11-23,3696
086450,동국제약,2021-11-23,3578
086460,에스엔피제네틱스,2021-11-23,2063
086520,에코프로,2021-11-23,3543
086670,비엠티,2021-11-23,3473
086710,선진뷰티사이언스,2021-11-23,204
086790,하나금융지주,2021-11-23,3941
086820,바이오솔루션,2021-11-23,804
086890,이수앱지스,2021-11-23,3165
086900,메디톡스,2021-11-23,3176
086960,한컴MDS,2021-11-23,3743
086980,쇼박스,2021-11-23,3799
087010,펩트론,2021-11-23,1557
087260,모바일어플라이언스,2021-11-23,1163
087600,픽셀플러스,2021-11-23,1584
088130,동아엘텍,2021-11-23,3678
088260,이리츠코크렙,2021-11-23,841
088290,이원컴포텍,2021-11-23,2954
088350,한화생명,2021-11-23,2882
088390,이녹스,2021-11-23,3728
088790,진도,2021-11-23,3867
088800,에이스테크,2021-11-23,3869
088910,동우팜투테이블,2021-11-23,3809
088980,맥쿼리인프라,2021-11-23,3876
089010,켐트로닉스,2021-11-23,3669
089030,테크윙,2021-11-23,2470
089140,넥스턴바이오,2021-11-23,3721
089150,케이씨티,2021-11-23,3691
089230,THE E&M,2021-11-23,3737
089470,HDC현대EP,2021-11-23,3745
089530,에이티세미콘,2021-11-23,2469
089590,제주항공,2021-11-23,1484
089600,나스미디어,2021-11-23,2051
089790,제이티,2021-11-23,3723
089850,유비벨록스,2021-11-23,2818
089860,롯데렌탈,2021-11-23,64
089890,코세스,2021-11-23,3716
089970,에이피티씨,2021-11-23,801
089980,상아프론테크,2021-11-23,2546
090080,평화산업,2021-11-23,3823
090150,광진윈텍,2021-11-23,3729
090350,노루페인트,2021-11-23,3803
090360,로보스타,2021-11-23,2487
090370,메타랩스,2021-11-23,3682
090410,덕신하우징,2021-11-23,1794
090430,아모레퍼시픽,2021-11-23,3805
090460,비에이치,2021-11-23,3662
090470,제이스텍,2021-11-23,3674
090710,휴림로봇,2021-11-23,3696
090740,연이비앤티,2021-11-23,3501
090850,현대이지웰,2021-11-23,1940
091090,세원이앤씨,2021-11-23,3784
091120,이엠텍,2021-11-23,3597
091340,S&K폴리텍,2021-11-23,3537
091440,텔레필드,2021-11-23,3412
091580,상신이디피,2021-11-23,3581
091590,남화토건,2021-11-23,2414
091700,파트론,2021-11-23,3690
091810,티웨이항공,2021-11-23,816
091970,나노캠텍,2021-11-23,3660
091990,셀트리온헬스케어,2021-11-23,1059
092040,아미코젠,2021-11-23,2010
092070,디엔에프,2021-11-23,3462
092130,이크레더블,2021-11-23,3233
092190,서울바이오시스,2021-11-23,425
092200,디아이씨,2021-11-23,3484
092220,KEC,2021-11-23,3732
092230,KPX홀딩스,2021-11-23,3734
092300,현우산업,2021-11-23,3479
092440,기신정기,2021-11-23,3476
092460,한라IMS,2021-11-23,3583
092590,럭스피아,2021-11-23,1488
092600,앤씨앤,2021-11-23,3560
092730,네오팜,2021-11-23,3659
092780,동양피스톤,2021-11-23,973
092870,엑시콘,2021-11-23,1697
093050,LF,2021-11-23,3699
093190,빅솔론,2021-11-23,3523
093230,이아이디,2021-11-23,3474
093240,형지엘리트,2021-11-23,2999
093320,케이아이엔엑스,2021-11-23,2659
093370,후성,2021-11-23,3684
093380,풍강,2021-11-23,3575
093510,엔지브이아이,2021-11-23,532
093520,매커스,2021-11-23,3651
093640,다믈멀티미디어,2021-11-23,3483
093920,서원인텍,2021-11-23,3440
094170,동운아나텍,2021-11-23,1573
094280,효성 ITX,2021-11-23,3478
094360,칩스앤미디어,2021-11-23,1983
094480,갤럭시아머니트리,2021-11-23,3543
094800,맵스리얼티1,2021-11-23,3613
094820,일진파워,2021-11-23,3471
094840,슈프리마에이치큐,2021-11-23,3305
094850,참좋은여행,2021-11-23,3598
094860,네오리진,2021-11-23,3607
094940,푸른기술,2021-11-23,3504
094970,제이엠티,2021-11-23,3487
095190,이엠코리아,2021-11-23,3477
095270,웨이브일렉트로,2021-11-23,3506
095340,ISC,2021-11-23,3496
095500,미래나노텍,2021-11-23,3496
095570,AJ네트웍스,2021-11-23,1535
095610,테스,2021-11-23,3342
095660,네오위즈,2021-11-23,3555
095700,제넥신,2021-11-23,3008
095720,웅진씽크빅,2021-11-23,3577
095910,에스에너지,2021-11-23,3485
096040,이트론,2021-11-23,3417
096240,청담러닝,2021-11-23,3315
096300,베트남개발1,2021-11-23,3568
096350,대창솔루션,2021-11-23,3441
096530,씨젠,2021-11-23,2759
096610,알에프세미,2021-11-23,3460
096630,에스코넥,2021-11-23,3437
096640,멜파스,2021-11-23,2940
096690,에이루트,2021-11-23,2704
096760,JW홀딩스,2021-11-23,3536
096770,SK이노베이션,2021-11-23,3539
096870,엘디티,2021-11-23,3351
097230,한진중공업,2021-11-23,3513
097520,엠씨넥스,2021-11-23,2293
097780,에스맥,2021-11-23,3418
097800,윈팩,2021-11-23,2142
097870,효성오앤비,2021-11-23,3368
097950,CJ제일제당,2021-11-23,3496
098120,마이크로컨텍솔,2021-11-23,3255
098460,고영,2021-11-23,3331
098660,에스티오,2021-11-23,3113
099190,아이센스,2021-11-23,2165
099220,SDN,2021-11-23,3093
099320,쎄트렉아이,2021-11-23,3324
099390,브레인즈컴퍼니,2021-11-23,64
099410,동방선기,2021-11-23,2969
099430,바이오플러스,2021-11-23,40
099440,스맥,2021-11-23,3088
099520,ITX-AI,2021-11-23,2939
099750,이지케어텍,2021-11-23,662
100030,모바일리더,2021-11-23,2836
100090,삼강엠앤티,2021-11-23,3290
100120,뷰웍스,2021-11-23,3118
100130,동국S&C,2021-11-23,3019
100220,비상교육,2021-11-23,3314
100250,진양홀딩스,2021-11-23,3405
100590,머큐리,2021-11-23,725
100660,서암기계공업,2021-11-23,2442
100700,세운메디칼,2021-11-23,3249
100790,미래에셋벤처투자,2021-11-23,667
100840,SNT에너지,2021-11-23,3400
101000,상상인인더스트리,2021-11-23,2971
101060,SBS미디어홀딩스,2021-11-23,3378
101140,인바이오젠,2021-11-23,3372
101160,월덱스,2021-11-23,3321
101170,우림피티에스,2021-11-23,3105
101240,씨큐브,2021-11-23,2471
101330,모베이스,2021-11-23,2910
101360,이엔드디,2021-11-23,2063
101390,아이엠,2021-11-23,3296
101400,엔시트론,2021-11-23,3125
101490,에스앤에스텍,2021-11-23,3116
101530,해태제과식품,2021-11-23,1360
101670,코리아에스이,2021-11-23,3303
101680,한국정밀기계,2021-11-23,3093
101730,위메이드맥스,2021-11-23,3082
101930,인화정공,2021-11-23,2732
102120,어보브반도체,2021-11-23,3079
102260,동성케미컬,2021-11-23,3318
102280,쌍방울,2021-11-23,3328
102460,이연제약,2021-11-23,2825
102710,이엔에프테크놀로지,2021-11-23,3086
102940,코오롱생명과학,2021-11-23,3120
103140,풍산,2021-11-23,3292
103230,에스앤더블류,2021-11-23,3036
103590,일진전기,2021-11-23,3290
103660,씨앗,2021-11-23,1578
103840,우양,2021-11-23,497
104040,대성파인텍,2021-11-23,3170
104200,NHN벅스,2021-11-23,2993
104460,디와이피엔에프,2021-11-23,2939
104480,티케이케미칼,2021-11-23,2605
104540,코렌텍,2021-11-23,2144
104620,노랑풍선,2021-11-23,695
104700,한국철강,2021-11-23,3251
104830,원익머트리얼즈,2021-11-23,2435
105330,케이엔더블유,2021-11-23,2997
105550,트루윈,2021-11-23,1809
105560,KB금융,2021-11-23,3242
105630,한세실업,2021-11-23,3133
105740,디케이락,2021-11-23,2716
105840,우진,2021-11-23,2792
106080,하이소닉,2021-11-23,2907
106190,하이텍팜,2021-11-23,2791
106240,파인테크닉스,2021-11-23,3137
106520,디지탈옵틱,2021-11-23,2301
107590,미원홀딩스,2021-11-23,3147
107640,한중엔시에스,2021-11-23,1952
108230,톱텍,2021-11-23,3008
108320,LX세미콘,2021-11-23,2827
108380,대양전기공업,2021-11-23,2555
108490,로보티즈,2021-11-23,760
108670,LX하우시스,2021-11-23,3111
108860,셀바스AI,2021-11-23,2947
109070,컨버즈,2021-11-23,3136
109080,옵티시스,2021-11-23,2552
109610,에스와이,2021-11-23,1448
109740,디에스케이,2021-11-23,3002
109820,진매트릭스,2021-11-23,2971
109860,동일금속,2021-11-23,3043
109960,에이프로젠 H&G,2021-11-23,2965
110020,전진바이오팜,2021-11-23,725
110790,크리스에프앤씨,2021-11-23,777
110990,디아이티,2021-11-23,812
111110,호전실업,2021-11-23,1178
111710,남화산업,2021-11-23,736
111770,영원무역,2021-11-23,3041
111870,KH 일렉트론,2021-11-23,2722
112040,위메이드,2021-11-23,2941
112190,KC산업,2021-11-23,1346
112610,씨에스윈드,2021-11-23,1717
113810,디젠스,2021-11-23,2211
114090,GKL,2021-11-23,2962
114120,크루셜텍,2021-11-23,2795
114190,강원에너지,2021-11-23,2960
114450,KPX생명과학,2021-11-23,2939
114570,지스마트글로벌,2021-11-23,2910
114630,폴라리스우노,2021-11-23,2924
114810,아이원스,2021-11-23,2159
114840,아이패밀리에스씨,2021-11-23,19
114920,대주이엔티,2021-11-23,2062
115160,휴맥스,2021-11-23,2965
115180,큐리언트,2021-11-23,1409
115310,인포바인,2021-11-23,2906
115390,락앤락,2021-11-23,2914
115440,우리넷,2021-11-23,2916
115450,지트리비앤티,2021-11-23,2875
115480,씨유메디칼,2021-11-23,2445
115500,케이씨에스,2021-11-23,2863
115530,씨엔플러스,2021-11-23,2476
115570,스타플렉스,2021-11-23,2915
115610,이미지스,2021-11-23,2894
115960,연우,2021-11-23,1488
116100,태양기계,2021-11-23,2062
117580,대성에너지,2021-11-23,2687
117670,알파홀딩스,2021-11-23,2753
117730,티로보틱스,2021-11-23,736
118000,우리들휴브레인,2021-11-23,2934
118990,모트렉스,2021-11-23,1053
119500,포메탈,2021-11-23,2754
119610,인터로조,2021-11-23,2791
119650,KC코트렐,2021-11-23,2913
119830,아이텍,2021-11-23,2730
119850,지엔씨에너지,2021-11-23,1999
119860,다나와,2021-11-23,2667
120030,조선선재,2021-11-23,2899
120110,코오롱인더,2021-11-23,2912
120240,대정화금,2021-11-23,2691
121060,유니포인트,2021-11-23,1741
121440,골프존뉴딘홀딩스,2021-11-23,2589
121600,나노신소재,2021-11-23,2657
121800,비덴트,2021-11-23,2454
121850,코이즈,2021-11-23,2249
121890,에스디시스템,2021-11-23,2799
122310,제노레이,2021-11-23,861
122350,삼기,2021-11-23,2881
122450,KMH,2021-11-23,2586
122640,예스티,2021-11-23,1695
122690,서진오토모티브,2021-11-23,2836
122830,원포유,2021-11-23,269
122870,와이지엔터테인먼트,2021-11-23,2461
122900,아이마켓코리아,2021-11-23,2788
122990,와이솔,2021-11-23,2759
123010,폴라리스웍스,2021-11-23,1736
123040,엠에스오토텍,2021-11-23,2784
123330,제닉,2021-11-23,2537
123410,코리아에프티,2021-11-23,2769
123420,선데이토즈,2021-11-23,2719
123570,이엠넷,2021-11-23,2458
123690,한국화장품,2021-11-23,2831
123700,에스제이엠,2021-11-23,2832
123750,알톤스포츠,2021-11-23,2809
123840,한일진공,2021-11-23,2745
123860,아나패스,2021-11-23,2722
123890,한국자산신탁,2021-11-23,1316
124500,아이티센,2021-11-23,2062
124560,태웅로직스,2021-11-23,483
125210,아모그린텍,2021-11-23,657
126340,비나텍,2021-11-23,2063
126560,현대퓨처넷,2021-11-23,2687
126600,코프라,2021-11-23,2716
126640,화신정공,2021-11-23,2767
126700,하이비젼시스템,2021-11-23,2759
126870,뉴로스,2021-11-23,2403
126880,제이엔케이히터,2021-11-23,2662
127120,디엔에이링크,2021-11-23,2437
127160,매직마이크로,2021-11-23,1945
127710,아시아경제,2021-11-23,1550
128540,에코캡,2021-11-23,732
128660,피제이메탈,2021-11-23,2696
128820,대성산업,2021-11-23,2789
128940,한미약품,2021-11-23,2789
129260,인터지스,2021-11-23,2443
129890,앱코,2021-11-23,241
130500,GH신소재,2021-11-23,2039
130580,나이스디앤비,2021-11-23,2440
130660,한전산업,2021-11-23,2693
130740,티피씨글로벌,2021-11-23,2659
131030,디에이치피코리아,2021-11-23,2702
131090,시큐브,2021-11-23,2440
131100,스카이이앤엠,2021-11-23,2572
131180,딜리,2021-11-23,2661
131220,대한과학,2021-11-23,2492
131290,티에스이,2021-11-23,2680
131370,알서포트,2021-11-23,2680
131390,원익피앤이,2021-11-23,2501
131400,이브이첨단소재,2021-11-23,2686
131760,파인텍,2021-11-23,1540
131970,테스나,2021-11-23,1987
133750,메가엠디,2021-11-23,1453
133820,화인베스틸,2021-11-23,1803
134060,이퓨쳐,2021-11-23,2604
134380,미원화학,2021-11-23,2653
134580,디엠티,2021-11-23,1962
134790,시디즈,2021-11-23,2666
135160,지오씨,2021-11-23,1449
136480,하림,2021-11-23,2601
136490,선진,2021-11-23,2652
136510,에디슨EV,2021-11-23,2463
136540,윈스,2021-11-23,2601
136660,큐엠씨,2021-11-23,1817
137310,에스디바이오센서,2021-11-23,87
137400,피엔티,2021-11-23,2306
137940,넥스트아이,2021-11-23,2572
137950,제이씨케미칼,2021-11-23,2533
138040,메리츠금융지주,2021-11-23,2594
138070,신진에스엠,2021-11-23,2458
138080,오이솔루션,2021-11-23,1901
138250,엔에스쇼핑,2021-11-23,1637
138360,협진,2021-11-23,1975
138490,코오롱플라스틱,2021-11-23,2571
138580,비즈니스온,2021-11-23,979
138610,나이벡,2021-11-23,2551
138690,엘아이에스,2021-11-23,2579
138930,BNK금융지주,2021-11-23,2623
139050,시티랩스,2021-11-23,2540
139130,DGB금융지주,2021-11-23,2578
139480,이마트,2021-11-23,2574
139670,키네마스터,2021-11-23,2453
139990,아주스틸,2021-11-23,63
140070,서플러스글로벌,2021-11-23,1183
140290,청광건설,2021-11-23,1945
140410,메지온,2021-11-23,2420
140520,대창스틸,2021-11-23,1711
140610,엔솔바이오사이언스,2021-11-23,789
140660,위월드,2021-11-23,1942
140670,알에스오토메이션,2021-11-23,1049
140860,파크시스템스,2021-11-23,1455
140910,에이리츠,2021-11-23,2551
141000,비아트론,2021-11-23,2350
141020,포티스,2021-11-23,2167
141080,레고켐바이오,2021-11-23,2096
142210,유니트론텍,2021-11-23,1425
142280,녹십자엠에스,2021-11-23,1703
142760,바이오리더스,2021-11-23,1718
143160,아이디스,2021-11-23,2502
143210,핸즈코퍼레이션,2021-11-23,1220
143240,사람인에이치알,2021-11-23,2400
143540,영우디에스피,2021-11-23,1738
144510,지씨셀,2021-11-23,1331
144960,뉴파워프라즈마,2021-11-23,1222
145020,휴젤,2021-11-23,1450
145210,다이나믹디자인,2021-11-23,1642
145270,케이탑리츠,2021-11-23,2414
145720,덴티움,2021-11-23,1150
145990,삼양사,2021-11-23,2453
147760,마이크로프랜드,2021-11-23,1214
147830,제룡산업,2021-11-23,2406
148140,비디아이,2021-11-23,1190
148150,세경하이테크,2021-11-23,573
148250,알엔투테크놀로지,2021-11-23,1943
148780,비플라이소프트,2021-11-23,1232
149010,아이케이세미콘,2021-11-23,1726
149300,아퓨어스,2021-11-23,549
149950,아바텍,2021-11-23,2223
149980,하이로닉,2021-11-23,2063
150440,피노텍,2021-11-23,1711
150840,인트로메딕,2021-11-23,1946
150900,파수,2021-11-23,1989
151860,KG ETS,2021-11-23,2045
151910,나노스,2021-11-23,2287
152550,한국ANKOR유전,2021-11-23,2389
153360,하이골드3호,2021-11-23,2350
153460,네이블커뮤니케이션즈,2021-11-23,2298
153490,우리이앤엘,2021-11-23,2162
153710,옵티팜,2021-11-23,760
154030,아시아종묘,2021-11-23,1813
154040,솔루에타,2021-11-23,1941
155650,와이엠씨,2021-11-23,2216
155660,DSR,2021-11-23,2093
155900,바다로19호,2021-11-23,2312
156100,엘앤케이바이오,2021-11-23,2063
158300,에스에이티이엔지,2021-11-23,2063
158310,참존글로벌,2021-11-23,2123
158430,아톤,2021-11-23,521
159010,아스플로,2021-11-23,33
159580,제로투세븐,2021-11-23,2153
159910,스킨앤스킨,2021-11-23,2188
160550,NEW,2021-11-23,1698
160600,이큐셀,2021-11-23,1575
160980,싸이맥스,2021-11-23,1582
161000,애경케미칼,2021-11-23,2256
161390,한국타이어앤테크놀로지,2021-11-23,2245
161570,THE MIDONG,2021-11-23,1972
161580,필옵틱스,2021-11-23,1098
161890,한국콜마,2021-11-23,2234
162120,루켄테크놀러지스,2021-11-23,1062
163430,디피코,2021-11-23,868
163560,동일고무벨트,2021-11-23,2235
163730,핑거,2021-11-23,202
164060,이루다,2021-11-23,320
166090,하나머티리얼즈,2021-11-23,1119
166480,코아스템,2021-11-23,1575
168330,내츄럴엔도텍,2021-11-23,1981
168490,한국패러랠,2021-11-23,2110
169330,엠브레인,2021-11-23,346
170030,현대공업,2021-11-23,1957
170790,파이오링크,2021-11-23,2040
170900,동아에스티,2021-11-23,2120
170920,엘티씨,2021-11-23,1997
171010,램테크놀러지,2021-11-23,1969
171090,선익시스템,2021-11-23,1022
171120,라이온켐텍,2021-11-23,1968
172580,하이골드12호,2021-11-23,2054
173130,오파스넷,2021-11-23,1208
173940,에프엔씨엔터,2021-11-23,1712
174880,장원테크,2021-11-23,1315
174900,앱클론,2021-11-23,1023
175140,인포마크,2021-11-23,1513
175250,아이큐어,2021-11-23,830
175330,JB금융지주,2021-11-23,2050
176440,에이치엔티,2021-11-23,1224
176750,듀켐바이오,2021-11-23,1696
177350,베셀,2021-11-23,2062
177830,파버나인,2021-11-23,1793
178320,서진시스템,2021-11-23,1143
178600,대동고려삼,2021-11-23,1945
178780,유테크,2021-11-23,1572
178920,PI첨단소재,2021-11-23,1710
179290,엠아이텍,2021-11-23,736
179530,애드바이오텍,2021-11-23,473
179720,렌딩머신,2021-11-23,2063
179900,유티아이,2021-11-23,1016
180060,탑선,2021-11-23,1001
180400,캔서롭,2021-11-23,1705
180640,한진칼,2021-11-23,2009
181340,이즈미디어,2021-11-23,1061
181710,엔에이치엔,2021-11-23,2020
182360,큐브엔터,2021-11-23,1966
182400,엔케이맥스,2021-11-23,1493
182690,테라셈,2021-11-23,1994
183190,아세아시멘트,2021-11-23,1977
183300,코미코,2021-11-23,1145
183410,골프존데카,2021-11-23,1973
183490,엔지켐생명과학,2021-11-23,2004
184230,SGA솔루션즈,2021-11-23,1944
185190,수프로,2021-11-23,1983
185490,아이진,2021-11-23,1960
185750,종근당,2021-11-23,1955
186230,그린플러스,2021-11-23,1945
187220,디티앤씨,2021-11-23,1702
187270,신화콘텍,2021-11-23,1790
187420,제노포커스,2021-11-23,1595
187660,에이디엠코리아,2021-11-23,118
187790,나노,2021-11-23,1853
187870,디바이스이엔지,2021-11-23,965
189300,인텔리안테크,2021-11-23,1253
189330,씨이랩,2021-11-23,1943
189350,코셋,2021-11-23,1943
189690,포시에스,2021-11-23,1666
189860,서전기전,2021-11-23,1698
189980,흥국에프엔비,2021-11-23,1544
190510,나무가,2021-11-23,1479
190650,코리아에셋투자증권,2021-11-23,497
191410,육일씨엔에쓰,2021-11-23,1450
191420,테고사이언스,2021-11-23,1731
191600,블루탑,2021-11-23,1300
192080,더블유게임즈,2021-11-23,1485
192250,케이사인,2021-11-23,1859
192390,윈하이텍,2021-11-23,1799
192400,쿠쿠홀딩스,2021-11-23,1791
192410,THQ,2021-11-23,1785
192440,슈피겐코리아,2021-11-23,1732
192650,드림텍,2021-11-23,668
192820,코스맥스,2021-11-23,1874
193250,와이제이엠게임즈,2021-11-23,1696
194370,제이에스코퍼레이션,2021-11-23,1422
194480,데브시스터즈,2021-11-23,1754
194700,노바렉스,2021-11-23,747
195500,마니커에프앤지,2021-11-23,559
195870,해성디에스,2021-11-23,1330
195940,HK이노엔,2021-11-23,71
195990,에이비프로바이오,2021-11-23,1626
196170,알테오젠,2021-11-23,1706
196300,애니젠,2021-11-23,1216
196450,코아시아옵틱스,2021-11-23,1836
196490,디에이테크놀로지,2021-11-23,1722
196700,웹스,2021-11-23,1535
197140,디지캡,2021-11-23,1838
198080,엔피디,2021-11-23,419
198440,고려시멘트,2021-11-23,1786
199150,데이터스트림즈,2021-11-23,1822
199290,바이오프로테크,2021-11-23,1215
199800,툴젠,2021-11-23,1822
199820,제일전기공업,2021-11-23,245
200130,콜마비앤에이치,2021-11-23,1802
200230,텔콘RF제약,2021-11-23,1719
200350,래몽래인,2021-11-23,1698
200470,에이팩트,2021-11-23,1697
200580,메디쎄이,2021-11-23,1497
200670,휴메딕스,2021-11-23,1697
200710,에이디테크놀로지,2021-11-23,1703
200780,비씨월드제약,2021-11-23,1705
200880,서연이화,2021-11-23,1789
201490,미투온,2021-11-23,1259
202960,판도라티비,2021-11-23,1789
203400,에이비온,2021-11-23,1804
203450,유니온커뮤니티,2021-11-23,1801
203650,드림시큐리티,2021-11-23,1749
203690,프로스테믹스,2021-11-23,1756
204020,그리티,2021-11-23,823
204210,모두투어리츠,2021-11-23,1269
204270,제이앤티씨,2021-11-23,427
204320,만도,2021-11-23,1753
204620,글로벌텍스프리,2021-11-23,1723
204630,스튜디오산타클로스,2021-11-23,1696
204840,지엘팜텍,2021-11-23,1722
205100,엑셈,2021-11-23,1730
205470,휴마시스,2021-11-23,1715
205500,액션스퀘어,2021-11-23,1728
206400,베노홀딩스,2021-11-23,1708
206560,덱스터,2021-11-23,1452
206640,바디텍메드,2021-11-23,1696
206650,유바이오로직스,2021-11-23,1184
206950,볼빅,2021-11-23,1447
207490,에이펙스인텍,2021-11-23,737
207760,미스터블루,2021-11-23,1706
207940,삼성바이오로직스,2021-11-23,1235
208140,정다운,2021-11-23,1702
208340,파멥신,2021-11-23,742
208350,지란지교시큐리티,2021-11-23,1698
208370,셀바스헬스케어,2021-11-23,1702
208640,썸에이지,2021-11-23,1695
208710,바이오로그디바이스,2021-11-23,1697
208850,이비테크,2021-11-23,1332
208860,엔지스테크널러지,2021-11-23,1305
208890,미래엔에듀파트너,2021-11-23,1702
210120,빅텐츠,2021-11-23,1704
210540,디와이파워,2021-11-23,1685
210980,SK디앤디,2021-11-23,1578
211050,인카금융서비스,2021-11-23,1477
211270,AP위성,2021-11-23,1406
212310,휴벡셀,2021-11-23,1308
212560,네오오토,2021-11-23,1476
213420,덕산네오룩스,2021-11-23,1668
213500,한솔제지,2021-11-23,1678
214150,클래시스,2021-11-23,1632
214180,민앤지,2021-11-23,1573
214260,라파스,2021-11-23,504
214270,FSN,2021-11-23,1639
214310,에스엘바이오닉스,2021-11-23,1575
214320,이노션,2021-11-23,1560
214330,금호에이치티,2021-11-23,1481
214370,케어젠,2021-11-23,1477
214390,경보제약,2021-11-23,1574
214420,토니모리,2021-11-23,1565
214430,아이쓰리시스템,2021-11-23,1551
214450,파마리서치,2021-11-23,1555
214610,미코바이오메드,2021-11-23,1578
214680,디알텍,2021-11-23,1620
214870,뉴지랩파마,2021-11-23,1502
215000,골프존,2021-11-23,1632
215050,비엔디생활건강,2021-11-23,1636
215090,휴센텍,2021-11-23,1614
215100,로보로보,2021-11-23,1618
215200,메가스터디교육,2021-11-23,1612
215360,우리산업,2021-11-23,1611
215380,우정바이오,2021-11-23,1603
215480,토박스코리아,2021-11-23,1605
215570,크로넥스,2021-11-23,1449
215600,신라젠,2021-11-23,1218
215790,이노인스트루먼트,2021-11-23,1609
216050,인크로스,2021-11-23,1244
216080,제테마,2021-11-23,501
216280,원텍,2021-11-23,1614
216400,인바이츠바이오코아,2021-11-23,1574
217190,제너셈,2021-11-23,1511
217270,넵튠,2021-11-23,1580
217320,썬테크,2021-11-23,1614
217330,싸이토젠,2021-11-23,741
217480,에스디생명공학,2021-11-23,1160
217500,러셀,2021-11-23,1583
217600,켐온,2021-11-23,1575
217620,디딤,2021-11-23,1586
217730,강스템바이오텍,2021-11-23,1452
217820,엔에스,2021-11-23,1463
217880,틸론,2021-11-23,1596
217910,에스제이켐,2021-11-23,879
217950,파마리서치바이오,2021-11-23,1485
218150,미래생명자원,2021-11-23,1581
218410,RFHIC,2021-11-23,1573
219130,타이거일렉,2021-11-23,1511
219420,링크제니시스,2021-11-23,1304
219550,디와이디대양,2021-11-23,1557
219750,지티지웰니스,2021-11-23,1581
220100,퓨쳐켐,2021-11-23,1541
220180,핸디소프트,2021-11-23,1574
220260,켐트로스,2021-11-23,1554
220630,맘스터치,2021-11-23,1531
221610,자안바이오,2021-11-23,1429
221800,유투바이오,2021-11-23,1573
221840,하이즈항공,2021-11-23,1470
221980,케이디켐,2021-11-23,1475
222040,코스맥스엔비티,2021-11-23,1456
222080,씨아이에스,2021-11-23,1528
222110,팬젠,2021-11-23,1401
222160,바이옵트로,2021-11-23,1402
222420,쎄노텍,2021-11-23,1545
222670,플럼라인생명과학,2021-11-23,1553
222800,심텍,2021-11-23,1545
222810,마이더스AI,2021-11-23,1541
222980,한국맥널티,2021-11-23,1450
223220,아이피몬스터,2021-11-23,1565
223250,드림씨아이에스,2021-11-23,374
223310,경남제약헬스케어,2021-11-23,1449
224020,에스케이씨에스,2021-11-23,1309
224060,코디엠,2021-11-23,1448
224110,에이텍티앤,2021-11-23,1533
224760,엔에스컴퍼니,2021-11-23,1550
224810,엄지하우스,2021-11-23,1496
225190,삼양옵틱스,2021-11-23,1097
225220,제놀루션,2021-11-23,1548
225330,씨엠에스에듀,2021-11-23,1381
225430,케이엠제약,2021-11-23,1504
225530,보광산업,2021-11-23,1455
225570,넷게임즈,2021-11-23,1511
225590,패션플랫폼,2021-11-23,1506
225850,미애부,2021-11-23,1461
225860,엠앤씨생명과학,2021-11-23,1122
226320,잇츠한불,2021-11-23,1449
226330,신테카바이오,2021-11-23,478
226340,본느,2021-11-23,1485
226360,KH E&T,2021-11-23,1495
226400,오스테오닉,2021-11-23,1364
226440,한송네오텍,2021-11-23,1506
226950,올릭스,2021-11-23,826
227100,에이치앤비디자인,2021-11-23,746
227420,도부마스크,2021-11-23,1202
227610,아우딘퓨쳐스,2021-11-23,1071
227840,현대코퍼레이션홀딩스,2021-11-23,1494
227950,엔투텍,2021-11-23,1475
228340,동양파일,2021-11-23,1383
228670,레이,2021-11-23,566
228760,지노믹트리,2021-11-23,1313
228850,레이언스,2021-11-23,1379
229000,젠큐릭스,2021-11-23,1492
229500,노브메타파마,2021-11-23,1491
229640,LS전선아시아,2021-11-23,1269
230240,에치에프알,2021-11-23,1456
230360,에코마케팅,2021-11-23,1299
230980,에이트원,2021-11-23,1408
232140,와이아이케이,2021-11-23,1450
232530,이엠티,2021-11-23,1447
232680,라온테크,2021-11-23,1457
232830,시큐센,2021-11-23,1223
233250,메디안디노스틱,2021-11-23,1082
233990,질경이,2021-11-23,1448
234070,에이원알폼,2021-11-23,1453
234080,JW생명과학,2021-11-23,1246
234100,세원,2021-11-23,1448
234300,에스트래픽,2021-11-23,976
234340,세틀뱅크,2021-11-23,585
234690,녹십자웰빙,2021-11-23,524
234920,자이글,2021-11-23,1278
235980,메드팩토,2021-11-23,476
236030,씨알푸드,2021-11-23,969
236200,슈프리마,2021-11-23,1422
236340,메디젠휴먼케어,2021-11-23,1430
236810,엔비티,2021-11-23,208
237690,에스티팜,2021-11-23,1330
237750,피앤씨테크,2021-11-23,1324
237820,플레이디,2021-11-23,421
237880,클리오,2021-11-23,1237
238090,앤디포스,2021-11-23,1256
238120,얼라인드,2021-11-23,1240
238170,엔에스엠,2021-11-23,472
238200,비피도,2021-11-23,718
238490,힘스,2021-11-23,1065
238500,로보쓰리,2021-11-23,1374
239340,줌인터넷,2021-11-23,1341
239610,에이치엘사이언스,2021-11-23,1245
239890,피엔에이치테크,2021-11-23,1294
240340,인터코스,2021-11-23,1373
240810,원익IPS,2021-11-23,1366
241520,DSC인베스트먼트,2021-11-23,1209
241560,두산밥캣,2021-11-23,1230
241590,화승엔터프라이즈,2021-11-23,1263
241690,유니테크노,2021-11-23,1271
241710,코스메카코리아,2021-11-23,1245
241770,메카로,2021-11-23,975
241790,오션브릿지,2021-11-23,1221
241820,피씨엘,2021-11-23,1164
241840,에이스토리,2021-11-23,580
242040,나무기술,2021-11-23,1278
242350,피엔아이컴퍼니,2021-11-23,1206
243070,휴온스,2021-11-23,1344
243840,신흥에스이씨,2021-11-23,1017
243870,굿센,2021-11-23,1244
244460,올리패스,2021-11-23,538
244880,나눔테크,2021-11-23,1345
244920,에이플러스에셋,2021-11-23,249
245450,씨앤에스링크,2021-11-23,1329
245620,EDGC,2021-11-23,842
246250,에스엘에스바이오,2021-11-23,1327
246690,TS인베스트먼트,2021-11-23,1211
246710,티앤알바이오팹,2021-11-23,737
246720,아스타,2021-11-23,1147
246960,이노테라피,2021-11-23,693
247540,에코프로비엠,2021-11-23,675
247660,나노씨엠에스,2021-11-23,178
248020,젬,2021-11-23,23
248070,솔루엠,2021-11-23,200
248170,샘표식품,2021-11-23,1297
249420,일동제약,2021-11-23,1283
250000,보라티알,2021-11-23,1094
250030,진코스텍,2021-11-23,490
250060,모비스,2021-11-23,1276
250930,예선테크,2021-11-23,1265
251270,넷마블,2021-11-23,1112
251280,안지오랩,2021-11-23,1248
251370,와이엠티,2021-11-23,1120
251630,브이원텍,2021-11-23,1070
251970,펌텍코리아,2021-11-23,591
252500,세화피앤씨,2021-11-23,1242
252990,샘씨엔에스,2021-11-23,128
253450,스튜디오드래곤,2021-11-23,983
253590,네오셈,2021-11-23,896
253610,루트락,2021-11-23,225
253840,수젠텍,2021-11-23,1235
254120,자비스,2021-11-23,1219
255220,SG,2021-11-23,941
255440,야스,2021-11-23,1015
256150,한독크린텍,2021-11-23,547
256630,포인트엔지니어링,2021-11-23,1117
256840,한국비엔씨,2021-11-23,1201
256940,케이피에스,2021-11-23,1207
257370,명성티엔에스,2021-11-23,786
257720,실리콘투,2021-11-23,38
257990,나우코스,2021-11-23,222
258050,테크트랜스,2021-11-23,829
258250,셀젠텍,2021-11-23,1213
258540,스템랩,2021-11-23,1223
258610,이더블유케이,2021-11-23,1042
258790,소프트캠프,2021-11-23,1120
258830,세종메디칼,2021-11-23,860
259630,엠플러스,2021-11-23,1022
259960,크래프톤,2021-11-23,70
260660,알리코제약,2021-11-23,930
260870,시그넷이브이,2021-11-23,1037
260930,씨티케이,2021-11-23,974
260970,에스앤디,2021-11-23,1200
261200,덴티스,2021-11-23,1083
261780,차백신연구소,2021-11-23,23
262260,에이프로,2021-11-23,335
262840,아이퀘스트,2021-11-23,197
263020,디케이앤디,2021-11-23,743
263050,유틸렉스,2021-11-23,719
263540,샘코,2021-11-23,1025
263600,덕우전자,2021-11-23,1039
263690,디알젬,2021-11-23,741
263700,케어랩스,2021-11-23,901
263720,디앤씨미디어,2021-11-23,1057
263750,펄어비스,2021-11-23,1026
263770,유에스티,2021-11-23,1135
263800,데이타솔루션,2021-11-23,1055
263810,상신전자,2021-11-23,1010
263860,지니언스,2021-11-23,1055
263920,휴온스블러썸,2021-11-23,1016
264450,유비쿼스,2021-11-23,1138
264660,씨앤지하이테크,2021-11-23,942
264850,이랜시스,2021-11-23,1098
264900,크라운제과,2021-11-23,1132
265520,AP시스템,2021-11-23,1134
265560,영화테크,2021-11-23,1001
265740,엔에프씨,2021-11-23,241
266170,뿌리깊은나무들,2021-11-23,1094
266470,바이오인프라생명과학,2021-11-23,331
266870,파워풀엑스,2021-11-23,1123
267060,명진홀딩스,2021-11-23,1041
267250,현대중공업지주,2021-11-23,1115
267260,현대일렉트릭,2021-11-23,1115
267270,현대건설기계,2021-11-23,1114
267290,경동도시가스,2021-11-23,1113
267320,나인테크,2021-11-23,1084
267790,배럴,2021-11-23,937
267810,앙츠,2021-11-23,1118
267850,아시아나IDT,2021-11-23,740
267980,매일유업,2021-11-23,1097
268280,미원에스씨,2021-11-23,1107
268600,셀리버리,2021-11-23,750
269620,시스웍,2021-11-23,962
270020,이십일스토어,2021-11-23,1029
270210,에스알바이오텍,2021-11-23,1089
270520,지엔원에너지,2021-11-23,1043
270660,에브리봇,2021-11-23,1063
270870,뉴트리,2021-11-23,726
271560,오리온,2021-11-23,1073
271850,다이오진,2021-11-23,1087
271940,일진하이솔루스,2021-11-23,55
271980,제일약품,2021-11-23,1067
272110,케이엔제이,2021-11-23,515
272210,한화시스템,2021-11-23,502
272290,이녹스첨단소재,2021-11-23,1072
272450,진에어,2021-11-23,973
272550,삼양패키징,2021-11-23,980
273060,와이즈버즈,2021-11-23,1052
273640,와이엠텍,2021-11-23,48
274090,켄코아에어로스페이스,2021-11-23,428
275630,에스에스알,2021-11-23,813
276240,엘리비젼,2021-11-23,835
276730,제주맥주,2021-11-23,124
277070,린드먼아시아,2021-11-23,911
277410,인산가,2021-11-23,1014
277810,레인보우로보틱스,2021-11-23,199
277880,티에스아이,2021-11-23,1002
278280,천보,2021-11-23,690
278650,노터스,2021-11-23,492
278990,EMB,2021-11-23,1001
279060,이노벡스,2021-11-23,647
279600,미디어젠,2021-11-23,993
280360,롯데제과,2021-11-23,1002
281310,바이오시네틱스,2021-11-23,968
281740,레이크머티리얼즈,2021-11-23,971
281820,케이씨텍,2021-11-23,976
282330,BGF리테일,2021-11-23,973
282690,동아타이어,2021-11-23,980
282880,코윈테크,2021-11-23,569
284620,카이노스메드,2021-11-23,853
284740,쿠쿠홈시스,2021-11-23,952
285130,SK케미칼,2021-11-23,956
285490,노바텍,2021-11-23,755
285770,라이프사이언스테크놀로지,2021-11-23,964
286000,씨엔티드림,2021-11-23,234
286750,나노브릭,2021-11-23,560
286940,롯데정보통신,2021-11-23,819
287410,제이시스메디칼,2021-11-23,874
288330,브릿지바이오,2021-11-23,475
288490,나라소프트,2021-11-23,740
288620,에스퓨얼셀,2021-11-23,769
289010,아이스크림에듀,2021-11-23,586
289080,SV인베스트먼트,2021-11-23,834
289220,자이언트스텝,2021-11-23,167
290090,트윔,2021-11-23,5
290120,대유에이피,2021-11-23,727
290270,휴네시온,2021-11-23,812
290380,대유,2021-11-23,806
290510,코리아센터,2021-11-23,487
290520,신도기연,2021-11-23,340
290550,디케이티,2021-11-23,718
290650,엘앤씨바이오,2021-11-23,754
290660,네오펙트,2021-11-23,735
290670,대보마그네틱,2021-11-23,751
290690,소룩스,2021-11-23,257
290720,푸드나무,2021-11-23,773
290740,액트로,2021-11-23,795
291230,엔피,2021-11-23,784
291650,압타머사이언스,2021-11-23,290
293480,하나제약,2021-11-23,774
293490,카카오게임즈,2021-11-23,294
293580,나우IB,2021-11-23,773
293780,압타바이오,2021-11-23,605
293940,신한알파리츠,2021-11-23,808
294090,이오플로우,2021-11-23,292
294140,레몬,2021-11-23,427
294570,쿠콘,2021-11-23,140
294630,서남,2021-11-23,434
294870,HDC현대산업개발,2021-11-23,848
297090,씨에스베어링,2021-11-23,494
297570,알로이스,2021-11-23,822
297890,HB솔루션,2021-11-23,351
298000,효성화학,2021-11-23,826
298020,효성티앤씨,2021-11-23,827
298040,효성중공업,2021-11-23,827
298050,효성첨단소재,2021-11-23,827
298060,에스씨엠생명과학,2021-11-23,354
298380,에이비엘바이오,2021-11-23,719
298540,더네이쳐홀딩스,2021-11-23,325
298690,에어부산,2021-11-23,715
299030,하나기술,2021-11-23,244
299170,더블유에스아이,2021-11-23,777
299480,지앤이헬스케어,2021-11-23,837
299660,셀리드,2021-11-23,681
299670,에스엠비나,2021-11-23,841
299900,위지윅스튜디오,2021-11-23,719
299910,베스파,2021-11-23,732
300080,플리토,2021-11-23,580
300120,라온피플,2021-11-23,518
300720,한일시멘트,2021-11-23,811
301300,바이브컴퍼니,2021-11-23,264
302430,이노메트리,2021-11-23,725
302440,SK바이오사이언스,2021-11-23,169
302550,리메드,2021-11-23,805
302920,더콘텐츠온,2021-11-23,806
303030,지니틱스,2021-11-23,793
303360,프로테옴텍,2021-11-23,720
303530,이노뎁,2021-11-23,105
304100,솔트룩스,2021-11-23,328
304840,피플바이오,2021-11-23,271
305090,마이크로디지탈,2021-11-23,609
306040,에스제이그룹,2021-11-23,496
306200,세아제강,2021-11-23,771
306620,네온테크,2021-11-23,755
307180,아이엘사이언스,2021-11-23,718
307280,원바이오젠,2021-11-23,730
307750,국전약품,2021-11-23,719
307870,비투엔,2021-11-23,724
307930,컴퍼니케이,2021-11-23,618
307950,현대오토에버,2021-11-23,656
308080,바이젠셀,2021-11-23,58
308100,까스텔바작,2021-11-23,606
308170,센트랄모텍,2021-11-23,491
308700,테크엔,2021-11-23,717
309900,티티씨디펜스,2021-11-23,593
309930,오하임아이엔티,2021-11-23,719
310200,애니플러스,2021-11-23,717
310870,한국제8호스팩,2021-11-23,718
311060,엘에이티,2021-11-23,714
311320,지오엘리먼트,2021-11-23,9
311390,네오크레마,2021-11-23,555
311690,천랩,2021-11-23,470
312610,에이에프더블류,2021-11-23,592
313750,유안타제4호스팩,2021-11-23,661
313760,윌링스,2021-11-23,573
314130,지놈앤컴퍼니,2021-11-23,716
314930,바이오다인,2021-11-23,170
315640,딥노이드,2021-11-23,63
316140,우리금융지주,2021-11-23,686
317120,라닉스,2021-11-23,538
317240,TS트릴리온,2021-11-23,633
317320,한화에스비아이스팩,2021-11-23,631
317330,덕산테코피아,2021-11-23,568
317400,자이에스앤디,2021-11-23,505
317530,캐리소프트,2021-11-23,511
317690,퀀타매트릭스,2021-11-23,234
317770,슈프리마아이디,2021-11-23,569
317830,에스피시스템스,2021-11-23,560
317850,대모,2021-11-23,575
317860,노드메이슨,2021-11-23,482
317870,엔바이오니아,2021-11-23,514
318000,한국바이오젠,2021-11-23,568
318010,팜스빌,2021-11-23,516
318020,포인트모바일,2021-11-23,238
318410,비비씨,2021-11-23,287
318660,타임기술,2021-11-23,101
319400,현대무벡스,2021-11-23,628
319660,피에스케이,2021-11-23,626
320000,윈텍,2021-11-23,538
321260,프로이천,2021-11-23,611
321550,티움바이오,2021-11-23,493
321820,와이더플래닛,2021-11-23,196
322000,현대에너지솔루션,2021-11-23,496
322180,티라유텍,2021-11-23,508
322190,베른,2021-11-23,221
322310,오로스테크놀로지,2021-11-23,184
322510,제이엘케이,2021-11-23,479
322780,코퍼스코리아,2021-11-23,611
322970,무진메디,2021-11-23,348
323210,이베스트이안스팩1호,2021-11-23,581
323230,엠에프엠코리아,2021-11-23,599
323280,신영스팩5호,2021-11-23,597
323350,다원넥스뷰,2021-11-23,619
323410,카카오뱅크,2021-11-23,69
323940,케이비제18호스팩,2021-11-23,597
323990,박셀바이오,2021-11-23,285
326030,에스케이바이오팜,2021-11-23,343
327260,RF머트리얼즈,2021-11-23,470
327610,펨토바이오메드,2021-11-23,584
327970,케어룸의료산업,2021-11-23,567
328380,미래에셋대우스팩3호,2021-11-23,556
329020,오션스톤,2021-11-23,383
329180,현대중공업,2021-11-23,41
329560,상상인이안제2호스팩,2021-11-23,549
330350,위더스제약,2021-11-23,342
330590,롯데리츠,2021-11-23,510
330860,네패스아크,2021-11-23,250
330990,케이비제19호스팩,2021-11-23,530
331380,포커스에이치엔에스,2021-11-23,528
331520,교보9호스팩,2021-11-23,510
331660,한국미라클피플사,2021-11-23,512
331920,셀레믹스,2021-11-23,308
332290,대신밸런스제7호스팩,2021-11-23,523
332370,아이디피,2021-11-23,306
332570,와이팜,2021-11-23,322
332710,하나금융14호스팩,2021-11-23,507
333050,신한제6호스팩,2021-11-23,508
333430,일승,2021-11-23,504
333620,엔시스,2021-11-23,159
334890,이지스밸류플러스리츠,2021-11-23,333
334970,프레스티지바이오로직스,2021-11-23,174
335810,프리시젼바이오,2021-11-23,225
335870,IBKS제12호스팩,2021-11-23,481
335890,비올,2021-11-23,486
336040,이도바이오,2021-11-23,486
336060,유안타제5호스팩,2021-11-23,488
336260,두산퓨얼셀,2021-11-23,518
336370,솔루스첨단소재,2021-11-23,517
336570,대신밸런스제8호스팩,2021-11-23,474
337450,SK5호스팩,2021-11-23,485
337840,유엑스엔,2021-11-23,489
337930,브랜드엑스코퍼레이션,2021-11-23,312
338100,NH프라임리츠,2021-11-23,484
338220,뷰노,2021-11-23,182
339770,교촌에프앤비,2021-11-23,253
339950,아이비김영,2021-11-23,470
340120,하이제5호스팩,2021-11-23,471
340350,SK6호스팩,2021-11-23,420
340360,다보링크,2021-11-23,473
340440,한화플러스제1호스팩,2021-11-23,468
340570,티앤엘,2021-11-23,247
340930,유일에너테크,2021-11-23,183
341160,하나금융15호스팩,2021-11-23,448
341310,이앤에치,2021-11-23,469
342550,케이비제20호스팩,2021-11-23,448
343090,단디바이오,2021-11-23,388
343510,하나금융16호스팩,2021-11-23,327
344050,신영스팩6호,2021-11-23,439
344820,케이씨씨글라스,2021-11-23,454
344860,이노진,2021-11-23,388
347000,센코,2021-11-23,263
347140,케이프이에스제4호,2021-11-23,410
347700,라이프시맨틱스,2021-11-23,166
347740,피엔케이피부임상연구센타,2021-11-23,295
347770,핌스,2021-11-23,287
347860,알체라,2021-11-23,225
347890,엠투아이,2021-11-23,324
348030,모비릭스,2021-11-23,201
348150,고바이오랩,2021-11-23,249
348210,넥스틴,2021-11-23,276
348350,위드텍,2021-11-23,262
348370,엔켐,2021-11-23,15
348840,데이드림엔터,2021-11-23,311
348950,제이알글로벌리츠,2021-11-23,317
349720,이베스트스팩5호,2021-11-23,373
350520,이지스레지던스리츠,2021-11-23,319
351320,IBKS제14호스팩,2021-11-23,350
351330,이삭엔지니어링,2021-11-23,144
351340,IBKS제13호스팩,2021-11-23,334
352480,씨앤씨인터내셔널,2021-11-23,127
352700,씨앤투스성진,2021-11-23,200
352770,클리노믹스,2021-11-23,236
352820,하이브,2021-11-23,273
352910,오비고,2021-11-23,88
352940,인바이오,2021-11-23,232
353060,에이치엠씨제5호스팩,2021-11-23,229
353070,에이치엠씨제4호스팩,2021-11-23,324
353190,휴럼,2021-11-23,354
353200,대덕전자,2021-11-23,372
353490,미래에셋대우스팩 5호,2021-11-23,303
353810,이지바이오,2021-11-23,361
354200,엔젠바이오,2021-11-23,233
355150,교보10호기업인수목적,2021-11-23,288
356860,티엘비,2021-11-23,230
356890,싸이버원,2021-11-23,174
357120,코람코에너지리츠,2021-11-23,302
357230,에이치피오,2021-11-23,129
357250,미래에셋맵스리츠,2021-11-23,318
357550,석경에이티,2021-11-23,224
357580,아모센스,2021-11-23,99
357780,솔브레인,2021-11-23,318
357880,비트나인,2021-11-23,10
359090,엔에이치스팩17호,2021-11-23,285
361390,제노코,2021-11-23,165
361570,알비더블유,2021-11-23,2
361610,SK아이이테크놀로지,2021-11-23,132
361670,삼영에스앤씨,2021-11-23,125
363250,진시스템,2021-11-23,122
363260,하나금융17호스팩,2021-11-23,192
363280,티와이홀딩스,2021-11-23,285
365270,큐라클,2021-11-23,81
365550,ESR켄달스퀘어리츠,2021-11-23,223
365590,엔에이치스팩18호,2021-11-23,225
366330,신한제7호스팩,2021-11-23,196
367000,플래티어,2021-11-23,65
367340,DB금융스팩8호,2021-11-23,234
367360,DB금융스팩9호,2021-11-23,171
367460,유안타제7호스팩,2021-11-23,221
367480,유안타제8호스팩,2021-11-23,156
368770,한국9호스팩,2021-11-23,206
369370,대신밸런스제9호스팩,2021-11-23,224
372290,하나머스트7호스팩,2021-11-23,178
372800,아이티아이즈,2021-11-23,9
372910,한컴라이프케어,2021-11-23,64
373200,IBKS제15호스팩,2021-11-23,182
373340,유진스팩6호,2021-11-23,154
375500,DL이앤씨,2021-11-23,204
376180,피코그램,2021-11-23,12
376190,엘비루셈,2021-11-23,110
376290,씨유테크,2021-11-23,30
376300,디어유,2021-11-23,10
376980,원티드랩,2021-11-23,67
377030,맥스트,2021-11-23,77
377190,디앤디플랫폼리츠,2021-11-23,55
377220,프롬바이오,2021-11-23,36
377300,카카오페이,2021-11-23,13
377400,하이제6호스팩,2021-11-23,133
377450,리파인,2021-11-23,16
377630,삼성스팩4호,2021-11-23,124
378850,화승알앤에이,2021-11-23,171
379390,이성씨엔아이,2021-11-23,115
380320,삼성머스트스팩5호,2021-11-23,106
380440,엔에이치스팩19호,2021-11-23,125
381970,케이카,2021-11-23,28
382480,지아이텍,2021-11-23,22
382800,지앤비에스엔지니어링,2021-11-23,16
382840,원준,2021-11-23,30
383220,F&F,2021-11-23,125
383310,에코프로에이치엔,2021-11-23,119
383800,LX홀딩스,2021-11-23,121
386580,한화플러스제2호스팩,2021-11-23,70
387310,대신밸런스제10호스팩,2021-11-23,41
388220,하나금융19호스팩,2021-11-23,30
388790,IBKS제16호스팩,2021-11-23,51
388800,유진스팩7호,2021-11-23,44
389030,지니너스,2021-11-23,12
391060,엔에이치스팩20호,2021-11-23,33
391710,엔에이치스팩21호,2021-11-23,26
393210,토마토시스템,2021-11-23,27
393360,신한제8호스팩,2021-11-23,38
395400,SK리츠,2021-11-23,43
400760,NH올원리츠,2021-11-23,4
900070,글로벌에스엠,2021-11-23,2938
900100,애머릿지,2021-11-23,2858
900110,이스트아시아홀딩스,2021-11-23,2855
900120,씨케이에이치,2021-11-23,2872
900140,엘브이엠씨,2021-11-23,2705
900250,크리스탈신소재,2021-11-23,1428
900260,로스웰,2021-11-23,1326
900270,헝셩그룹,2021-11-23,1292
900280,골든센츄리,2021-11-23,1252
900290,GRT,2021-11-23,1248
900300,오가닉티코스메틱,2021-11-23,1240
900310,컬러레이,2021-11-23,1050
900340,윙입푸드,2021-11-23,733
950110,SBI핀테크솔루션즈,2021-11-23,2193
950130,엑세스바이오,2021-11-23,2083
950140,잉글우드랩,2021-11-23,1255
950160,코오롱티슈진,2021-11-23,995
950170,JTC,2021-11-23,891
950180,SNK,2021-11-23,629
950190,미투젠,2021-11-23,311
950200,소마젠,2021-11-23,336
950210,프레스티지바이오파마,2021-11-23,195
950220,네오이뮨텍,2021-11-23,171
